-0.04	0.03	1.00	0.30	0.27	-0.43	26.74
-0.04	0.02	1.00	-0.19	-0.03	0.48	26.72
-0.04	0.03	1.00	0.36	0.52	-1.29	26.71
-0.04	0.03	0.99	-0.13	-0.46	1.40	26.70
-0.04	0.03	1.00	-0.07	0.46	-0.98	26.73
-0.04	0.03	1.00	-0.01	-0.03	0.18	26.73
-0.04	0.03	1.00	-0.01	0.03	0.54	26.73
-0.04	0.03	1.00	-0.07	0.40	-0.68	26.74
-0.04	0.03	1.00	0.05	-0.21	0.30	26.72
-0.04	0.02	1.00	-0.07	0.03	0.05	26.71
-0.04	0.03	1.00	-0.01	0.34	-0.56	26.72
-0.04	0.03	1.00	-0.07	0.03	0.54	26.71
-0.04	0.03	1.00	-0.07	0.21	-0.13	26.69
-0.04	0.03	1.00	-0.07	0.15	-0.07	26.72
-0.04	0.03	1.00	-0.07	0.03	0.30	26.72
-0.04	0.03	1.00	-0.07	0.15	-0.25	26.71
-0.04	0.03	1.00	-0.07	-0.03	-0.01	26.72
-0.04	0.03	1.00	-0.13	-0.03	0.30	26.74
-0.04	0.03	1.00	0.11	0.34	-0.86	26.71
-0.04	0.03	0.99	-0.01	-0.46	1.27	26.72
-0.05	0.03	1.00	-0.07	0.34	-0.86	26.71
-0.04	0.03	1.00	-0.01	0.21	-0.19	26.70
-0.05	0.03	1.00	-0.13	-0.40	1.15	26.71
-0.04	0.03	1.00	-0.01	0.64	-1.29	26.71
-0.04	0.03	1.00	-0.07	-0.21	0.91	26.73
-0.04	0.03	1.00	-0.07	0.21	-0.25	26.71
-0.04	0.02	1.00	-0.01	0.15	-0.19	26.72
-0.04	0.02	1.00	-0.07	-0.09	0.42	26.72
-0.04	0.03	1.00	-0.13	0.15	-0.13	26.70
-0.04	0.03	1.00	-0.01	0.21	-0.37	26.70
-0.04	0.03	1.00	-0.07	-0.34	0.73	26.69
-0.04	0.03	1.00	-0.07	0.46	-0.86	26.67
-0.04	0.03	1.00	-0.13	-0.27	0.73	26.69
-0.04	0.03	1.00	-0.01	0.09	-0.13	26.69
-0.04	0.03	1.00	-0.07	0.15	-0.01	26.70
-0.04	0.03	1.00	0.05	-0.03	0.42	26.70
-0.04	0.03	1.00	-0.07	0.09	-0.31	26.70
-0.04	0.03	1.00	-0.01	0.09	0.05	26.70
-0.04	0.02	1.00	-0.07	-0.03	0.05	26.69
-0.04	0.03	1.00	-0.01	0.03	-0.19	26.68
-0.04	0.03	0.99	-0.01	0.03	-0.01	26.68
-0.04	0.03	0.99	-0.07	0.21	-0.01	26.70
-0.04	0.03	1.00	-0.01	0.09	-0.19	26.68
-0.04	0.03	1.00	-0.07	-0.09	0.24	26.68
-0.04	0.03	1.00	-0.07	0.15	-0.19	26.68
-0.04	0.03	1.00	-0.01	-0.03	0.11	26.66
-0.04	0.03	1.00	-0.01	0.09	-0.07	26.67
-0.04	0.03	1.00	-0.07	0.15	0.11	26.67
-0.04	0.03	1.00	0.05	0.03	0.11	26.68
-0.04	0.03	1.00	-0.01	0.09	-0.07	26.67
-0.04	0.03	1.00	-0.07	0.15	-0.01	26.66
-0.04	0.03	1.00	-0.01	0.03	0.11	26.68
-0.04	0.03	1.00	-0.01	0.03	0.05	26.68
-0.04	0.03	1.00	-0.07	0.21	-0.19	26.67
-0.04	0.03	1.00	-0.13	0.03	0.11	26.67
-0.04	0.03	1.00	-0.01	0.09	-0.13	26.69
-0.04	0.03	1.00	-0.01	0.09	-0.01	26.65
-0.04	0.03	1.00	-0.01	0.15	-0.13	26.69
-0.04	0.03	1.00	-0.07	0.15	-0.13	26.65
-0.04	0.03	1.00	-0.13	0.03	0.11	26.68
-0.04	0.03	1.00	-0.07	0.15	-0.07	26.68
-0.04	0.03	1.00	-0.01	0.15	-0.01	26.69
-0.04	0.03	1.00	-0.07	0.03	-0.01	26.67
-0.04	0.03	0.99	-0.01	0.03	-0.07	26.65
-0.04	0.03	0.99	-0.13	0.03	-0.01	26.66
-0.04	0.03	1.00	-0.01	0.03	-0.07	26.69
-0.04	0.02	1.00	-0.01	-0.03	-0.01	26.68
-0.04	0.03	1.00	-0.13	0.03	0.05	26.67
-0.04	0.03	1.00	-0.01	0.15	-0.19	26.67
-0.04	0.03	1.00	-0.07	-0.03	0.05	26.67
-0.04	0.02	1.00	-0.01	0.15	-0.13	26.65
-0.04	0.03	1.00	-0.07	0.09	0.11	26.66
-0.04	0.03	1.00	-0.07	0.09	-0.01	26.67
-0.04	0.02	1.00	-0.01	0.15	-0.07	26.67
-0.04	0.02	1.00	-0.07	0.09	0.11	26.66
-0.04	0.03	1.00	-0.13	0.09	0.05	26.67
-0.04	0.03	1.00	-0.07	-0.03	0.18	26.66
-0.04	0.03	1.00	-0.07	0.09	-0.01	26.66
-0.04	0.03	1.00	-0.07	0.03	0.05	26.67
-0.04	0.03	1.00	-0.01	-0.09	0.24	26.67
-0.04	0.03	1.00	-0.07	0.15	-0.13	26.66
-0.04	0.03	1.00	-0.07	-0.09	0.24	26.64
-0.04	0.03	1.00	-0.07	0.15	-0.01	26.66
-0.04	0.03	1.00	-0.13	-0.03	0.11	26.68
-0.04	0.03	1.00	-0.07	0.15	-0.13	26.62
-0.04	0.03	1.00	-0.01	0.03	0.05	26.65
-0.04	0.03	1.00	-0.13	0.03	-0.01	26.65
-0.04	0.03	1.00	-0.07	0.03	-0.01	26.63
-0.04	0.03	1.00	-0.07	0.03	0.05	26.66
-0.04	0.02	1.00	-0.01	0.09	-0.01	26.64
-0.04	0.03	1.00	-0.01	-0.03	0.11	26.62
-0.04	0.03	1.00	-0.01	0.03	-0.07	26.64
-0.04	0.03	1.00	-0.01	0.09	-0.01	26.63
-0.04	0.03	1.00	-0.07	0.09	0.05	26.67
-0.04	0.03	1.00	-0.01	0.03	-0.13	26.66
-0.04	0.03	1.00	-0.07	-0.09	0.24	26.62
-0.04	0.02	1.00	-0.19	0.09	-0.01	26.63
-0.04	0.03	1.00	-0.07	0.09	-0.07	26.64
-0.04	0.03	1.00	-0.13	-0.09	0.18	26.64
-0.04	0.03	1.00	-0.07	0.21	-0.19	26.64
-0.04	0.03	1.00	-0.07	-0.09	0.18	26.64
-0.04	0.03	1.00	-0.19	0.03	0.30	26.63
-0.04	0.03	1.00	-0.01	0.21	-0.31	26.63
-0.04	0.03	1.00	-0.07	-0.09	0.36	26.65
-0.04	0.03	1.00	-0.01	0.15	-0.25	26.62
-0.04	0.03	1.00	-0.13	-0.03	0.11	26.62
-0.04	0.02	1.00	-0.01	0.15	-0.01	26.64
-0.04	0.03	1.00	-0.07	0.15	-0.07	26.61
-0.04	0.02	1.00	-0.01	-0.09	0.18	26.61
-0.04	0.03	1.00	-0.01	0.09	0.05	26.60
-0.04	0.02	1.00	-0.07	0.15	-0.13	26.63
-0.04	0.03	0.99	-0.01	0.03	0.05	26.60
-0.04	0.03	1.00	-0.13	0.15	-0.13	26.63
-0.04	0.03	1.00	-0.01	0.03	-0.01	26.62
-0.04	0.03	1.00	-0.01	0.09	-0.01	26.60
-0.04	0.03	1.00	-0.07	0.03	0.05	26.61
-0.04	0.03	1.00	-0.13	0.03	0.11	26.62
-0.04	0.03	1.00	-0.07	0.03	0.11	26.60
-0.04	0.03	1.00	0.05	0.03	-0.01	26.60
-0.04	0.03	0.99	-0.13	0.09	0.18	26.59
-0.04	0.03	1.00	-0.01	-0.03	0.24	26.61
-0.04	0.03	1.00	-0.01	0.21	-0.31	26.61
-0.04	0.03	1.00	-0.07	0.03	0.36	26.60
-0.04	0.02	1.00	-0.01	0.15	-0.25	26.62
-0.04	0.03	1.00	-0.07	0.09	0.05	26.62
-0.04	0.03	0.99	-0.07	0.09	0.18	26.62
-0.04	0.03	1.00	-0.07	0.15	-0.13	26.60
-0.04	0.03	1.00	-0.13	0.15	0.18	26.59
-0.04	0.03	1.00	-0.01	0.03	0.11	26.58
-0.04	0.03	1.00	0.05	0.09	-0.07	26.58
-0.04	0.02	1.00	0.11	0.03	-0.01	26.62
-0.04	0.03	1.00	-0.07	0.03	-0.01	26.59
-0.04	0.03	1.00	-0.13	0.15	-0.07	26.59
-0.04	0.03	1.00	-0.01	-0.03	0.30	26.57
-0.04	0.03	1.00	-0.07	0.15	-0.19	26.58
-0.04	0.03	1.00	-0.07	0.03	0.05	26.57
-0.04	0.03	1.00	-0.13	0.15	-0.19	26.57
-0.04	0.03	1.00	0.05	0.09	0.11	26.58
-0.04	0.03	1.00	-0.07	0.03	-0.07	26.57
-0.04	0.03	1.00	-0.07	0.03	0.24	26.60
-0.04	0.03	1.00	-0.01	0.21	-0.31	26.57
-0.04	0.03	0.99	-0.07	-0.09	-0.01	26.55
-0.04	0.03	1.00	-0.01	-0.09	0.24	26.56
-0.04	0.03	1.00	-0.19	0.21	-0.43	26.56
-0.04	0.03	1.00	-0.01	0.03	0.42	26.55
-0.04	0.03	1.00	-0.07	0.15	-0.07	26.56
-0.04	0.03	1.00	-0.13	0.09	-0.01	26.55
-0.04	0.03	1.00	-0.07	-0.03	0.24	26.56
-0.04	0.03	1.00	-0.01	0.21	-0.19	26.57
-0.04	0.03	1.00	-0.07	0.03	0.24	26.56
-0.05	0.03	1.00	-0.01	0.03	0.11	26.58
-0.04	0.03	0.99	-0.01	0.21	-0.13	26.57
-0.04	0.02	1.00	-0.13	0.03	0.24	26.55
-0.04	0.02	1.00	-0.01	0.21	-0.43	26.57
-0.04	0.03	1.00	-0.01	-0.03	0.11	26.56
-0.04	0.03	1.00	-0.07	0.15	-0.25	26.53
-0.04	0.03	1.00	0.05	-0.03	0.11	26.57
-0.04	0.03	1.00	-0.01	0.15	-0.25	26.57
-0.04	0.03	1.00	-0.07	-0.03	0.24	26.57
-0.04	0.03	1.00	-0.01	0.09	-0.25	26.56
-0.04	0.03	1.00	-0.07	0.03	0.05	26.55
-0.04	0.03	1.00	-0.13	0.15	0.05	26.54
-0.04	0.03	1.00	-0.07	0.15	-0.07	26.56
-0.04	0.03	1.00	-0.07	0.09	-0.07	26.55
-0.04	0.03	1.00	-0.01	-0.03	0.18	26.57
-0.04	0.03	1.00	0.11	0.21	-0.13	26.57
-0.04	0.03	0.99	0.05	0.03	0.36	26.56
-0.04	0.03	1.00	-0.01	0.15	-0.19	26.54
-0.04	0.03	1.00	0.05	0.09	-0.01	26.55
-0.04	0.02	1.00	-0.01	0.03	0.18	26.56
-0.04	0.03	1.00	0.05	0.09	-0.25	26.55
-0.04	0.03	1.00	0.05	-0.03	0.05	26.56
-0.04	0.03	1.00	-0.07	-0.03	-0.01	26.55
-0.04	0.03	1.00	0.05	0.09	-0.07	26.55
-0.04	0.03	0.99	-0.01	0.09	-0.01	26.56
-0.04	0.03	1.00	-0.07	-0.03	0.05	26.54
-0.04	0.03	0.99	0.05	0.15	-0.25	26.53
-0.04	0.03	1.00	-0.07	0.03	0.30	26.56
-0.04	0.03	1.00	0.05	0.15	-0.07	26.54
-0.04	0.03	1.00	-0.01	-0.03	0.18	26.55
-0.04	0.03	1.00	-0.07	0.09	-0.13	26.54
-0.04	0.03	1.00	-0.07	0.09	0.18	26.53
-0.04	0.03	1.00	0.05	0.09	-0.19	26.54
-0.04	0.03	1.00	-0.07	0.03	0.24	26.55
-0.04	0.03	1.00	-0.07	0.21	-0.31	26.57
-0.04	0.03	1.00	-0.13	-0.03	0.30	26.53
-0.04	0.03	1.00	-0.01	0.21	-0.07	26.52
-0.04	0.03	1.00	-0.01	0.03	0.11	26.53
-0.04	0.03	1.00	-0.01	0.15	-0.07	26.53
-0.04	0.03	1.00	-0.01	0.09	0.05	26.56
-0.04	0.03	1.00	-0.07	0.09	-0.19	26.54
-0.04	0.03	1.00	-0.07	0.03	-0.01	26.53
-0.04	0.03	1.00	-0.07	0.15	0.05	26.54
-0.04	0.03	1.00	-0.07	0.15	-0.01	26.54
-0.04	0.03	1.00	-0.13	0.03	0.05	26.52
-0.04	0.03	1.00	-0.01	0.09	-0.07	26.51
-0.04	0.03	0.99	-0.01	0.15	0.11	26.54
-0.04	0.03	1.00	-0.07	0.03	-0.07	26.53
-0.04	0.03	0.99	0.05	0.03	-0.07	26.54
-0.04	0.03	1.00	-0.07	0.09	-0.07	26.51
-0.04	0.03	1.00	-0.01	0.21	0.05	26.53
-0.04	0.03	0.99	-0.01	0.03	0.05	26.52
-0.04	0.03	1.00	-0.07	0.09	0.05	26.52
-0.04	0.02	1.00	-0.01	0.03	0.11	26.52
-0.04	0.03	1.00	-0.07	0.03	-0.07	26.54
-0.04	0.03	0.99	-0.07	-0.03	0.36	26.54
-0.04	0.03	1.00	-0.13	0.09	-0.19	26.54
-0.04	0.03	1.00	-0.01	-0.03	0.05	26.51
-0.04	0.03	1.00	-0.01	-0.03	0.05	26.51
-0.04	0.02	1.00	-0.01	0.09	-0.19	26.52
-0.04	0.03	1.00	-0.07	0.03	0.24	26.50
-0.04	0.02	1.00	-0.07	0.21	-0.13	26.50
-0.04	0.03	1.00	-0.13	0.09	-0.07	26.52
-0.04	0.03	1.00	0.05	0.09	0.11	26.52
-0.04	0.03	1.00	-0.07	0.21	-0.13	26.52
-0.04	0.02	1.00	-0.01	0.09	0.05	26.51
-0.04	0.02	1.00	-0.07	-0.03	0.11	26.49
-0.04	0.03	1.00	-0.01	0.15	-0.31	26.51
-0.04	0.03	1.00	-0.01	-0.03	0.30	26.52
-0.04	0.02	1.00	-0.07	0.09	-0.13	26.53
-0.04	0.03	1.00	-0.07	0.09	0.18	26.51
-0.04	0.03	1.00	-0.07	0.03	0.05	26.51
-0.04	0.03	1.00	-0.01	0.09	-0.07	26.50
-0.04	0.03	1.00	-0.07	0.03	0.18	26.53
-0.04	0.03	1.00	-0.07	0.15	-0.13	26.49
-0.04	0.02	1.00	0.05	-0.03	-0.01	26.53
-0.04	0.03	1.00	-0.07	0.09	0.18	26.51
-0.04	0.03	1.00	-0.01	0.03	-0.19	26.50
-0.04	0.03	1.00	-0.07	0.03	0.05	26.51
-0.04	0.03	1.00	-0.07	0.03	-0.13	26.54
-0.04	0.03	1.00	-0.13	-0.03	-0.07	26.51
-0.04	0.03	1.00	-0.13	-0.09	0.30	26.50
-0.04	0.03	1.00	-0.01	0.15	-0.25	26.52
-0.04	0.03	1.00	-0.07	-0.03	0.24	26.49
-0.04	0.03	0.99	-0.01	0.09	-0.01	26.51
-0.04	0.03	1.00	0.05	0.09	-0.13	26.53
-0.04	0.03	1.00	-0.37	-0.03	0.24	26.50
-0.04	0.03	1.00	-0.07	0.21	-0.31	26.49
-0.04	0.03	1.00	-0.07	-0.03	0.24	26.50
-0.04	0.03	1.00	-0.07	0.03	-0.25	26.50
-0.04	0.03	1.00	-0.01	0.09	-0.07	26.50
-0.04	0.03	1.00	-0.19	0.03	0.18	26.51
-0.04	0.03	1.00	-0.01	0.15	-0.25	26.50
-0.04	0.02	1.00	-0.07	-0.03	0.24	26.51
-0.04	0.03	1.00	0.05	-0.09	-0.01	26.49
-0.04	0.03	0.99	-0.01	0.09	-0.01	26.48
-0.04	0.03	1.00	0.05	-0.03	-0.07	26.51
-0.04	0.03	1.00	0.05	0.03	-0.01	26.50
-0.04	0.02	1.00	-0.01	0.03	-0.13	26.50
-0.04	0.03	1.00	-0.07	-0.09	0.11	26.48
-0.04	0.02	1.00	-0.07	0.09	-0.13	26.50
-0.04	0.03	1.00	-0.07	0.03	-0.01	26.51
-0.04	0.03	1.00	-0.13	0.15	0.05	26.49
-0.04	0.03	1.00	-0.01	0.15	-0.13	26.51
-0.04	0.03	1.00	0.05	0.03	-0.01	26.49
-0.04	0.03	1.00	-0.07	0.09	-0.01	26.51
-0.04	0.03	1.00	-0.07	0.09	-0.01	26.50
-0.04	0.03	1.00	-0.01	-0.03	0.05	26.49
-0.04	0.03	1.00	-0.01	0.09	-0.07	26.49
-0.04	0.03	1.00	-0.13	0.09	0.11	26.49
-0.04	0.03	1.00	-0.01	0.09	-0.25	26.48
-0.04	0.03	1.00	-0.13	-0.09	0.11	26.46
-0.04	0.03	1.00	-0.07	0.21	-0.25	26.49
-0.04	0.03	0.99	0.05	0.03	0.11	26.48
-0.04	0.03	1.00	-0.01	0.21	-0.13	26.45
-0.04	0.03	1.00	-0.19	0.03	0.18	26.46
-0.04	0.03	1.00	-0.01	0.03	-0.19	26.47
-0.04	0.03	1.00	-0.13	-0.09	0.11	26.48
-0.04	0.03	1.00	-0.13	0.09	-0.13	26.47
-0.04	0.03	1.00	-0.13	0.03	-0.01	26.48
-0.04	0.03	1.00	-0.01	0.09	0.18	26.47
-0.04	0.03	1.00	0.05	0.03	-0.07	26.49
-0.04	0.03	1.00	-0.01	0.09	0.05	26.47
-0.04	0.03	1.00	0.05	0.15	-0.01	26.49
-0.04	0.03	1.00	-0.13	0.03	0.11	26.47
-0.04	0.03	1.00	-0.07	0.09	-0.13	26.48
-0.04	0.03	1.00	-0.13	-0.09	0.24	26.51
-0.04	0.03	0.99	-0.07	0.03	-0.25	26.47
-0.04	0.03	1.00	-0.07	0.03	-0.01	26.47
-0.04	0.03	1.00	-0.07	0.09	-0.07	26.46
-0.04	0.03	1.00	-0.13	0.09	0.05	26.47
-0.04	0.02	1.00	-0.07	0.09	-0.01	26.47
-0.04	0.02	1.00	-0.01	0.03	0.18	26.46
-0.04	0.03	1.00	-0.13	0.15	-0.43	26.46
-0.04	0.03	1.00	0.18	-0.15	0.54	26.48
-0.04	0.03	1.00	-0.19	0.27	-0.31	26.45
-0.04	0.03	1.00	-0.07	0.03	0.18	26.45
-0.04	0.03	1.00	-0.07	0.15	-0.07	26.46
-0.04	0.02	1.00	-0.01	0.09	-0.01	26.47
-0.04	0.03	1.00	0.05	0.09	-0.13	26.48
-0.04	0.03	1.00	-0.07	0.15	-0.07	26.46
-0.04	0.03	1.00	0.05	0.09	-0.07	26.45
-0.04	0.03	1.00	-0.13	-0.09	0.18	26.46
-0.04	0.03	1.00	0.05	0.15	-0.37	26.48
-0.04	0.03	1.00	-0.07	-0.03	0.30	26.46
-0.04	0.03	1.00	-0.07	0.21	-0.19	26.45
-0.04	0.03	1.00	-0.07	0.03	-0.01	26.48
-0.04	0.03	1.00	-0.07	0.03	0.11	26.47
-0.04	0.03	1.00	-0.01	0.09	-0.01	26.45
-0.04	0.03	1.00	0.18	0.03	0.05	26.46
-0.04	0.03	1.00	-0.13	0.03	0.11	26.44
-0.04	0.03	1.00	0.05	0.15	-0.19	26.46
-0.04	0.03	1.00	-0.13	0.03	0.18	26.45
-0.04	0.03	1.00	-0.07	0.21	0.11	26.46
-0.04	0.03	1.00	-0.01	0.15	-0.13	26.44
-0.04	0.03	1.00	-0.13	-0.03	0.24	26.43
-0.04	0.03	1.00	-0.01	0.15	-0.25	26.45
-0.04	0.03	1.00	-0.07	-0.03	0.18	26.45
-0.04	0.03	1.00	0.05	0.09	-0.07	26.47
-0.04	0.03	1.00	-0.13	0.09	-0.07	26.45
-0.04	0.03	1.00	-0.07	0.03	0.11	26.44
-0.04	0.03	1.00	-0.13	0.03	0.11	26.45
-0.04	0.03	1.00	0.05	0.15	-0.13	26.46
-0.04	0.03	1.00	-0.13	-0.09	0.30	26.46
-0.04	0.03	1.00	-0.07	0.21	-0.13	26.43
-0.04	0.03	1.00	-0.01	0.09	-0.01	26.45
-0.04	0.03	1.00	-0.07	0.03	0.11	26.45
-0.04	0.03	1.00	-0.01	0.15	-0.13	26.43
-0.04	0.03	1.00	-0.07	0.03	0.30	26.45
-0.04	0.03	1.00	-0.07	0.09	-0.25	26.44
-0.04	0.02	1.00	-0.07	0.09	0.18	26.45
-0.04	0.03	1.00	-0.07	0.03	-0.01	26.43
-0.04	0.03	1.00	-0.07	0.15	-0.07	26.45
-0.04	0.03	1.00	-0.07	-0.03	0.05	26.45
-0.04	0.03	1.00	-0.07	-0.03	0.05	26.45
-0.04	0.03	1.00	-0.07	0.15	-0.19	26.42
-0.04	0.02	1.00	-0.01	0.09	-0.01	26.42
-0.04	0.03	1.00	-0.25	-0.09	0.36	26.44
-0.04	0.03	1.00	0.05	0.27	-0.43	26.42
-0.04	0.03	1.00	-0.07	-0.09	0.73	26.44
-0.04	0.03	1.00	-0.07	0.27	-0.68	26.45
-0.04	0.03	1.00	-0.19	-0.21	0.60	26.42
-0.04	0.03	0.99	-0.25	0.21	-0.37	26.42
-0.04	0.03	1.00	0.05	0.03	-0.07	26.42
-0.04	0.03	1.00	-0.07	0.03	0.11	26.43
-0.04	0.03	1.00	0.05	0.15	-0.07	26.44
-0.04	0.03	1.00	-0.01	0.03	0.05	26.43
-0.04	0.03	1.00	0.05	0.09	0.05	26.44
-0.04	0.02	1.00	-0.19	0.03	0.05	26.43
-0.04	0.03	1.00	-0.01	0.03	0.05	26.41
-0.04	0.03	1.00	-0.01	0.09	0.11	26.43
-0.04	0.03	1.00	0.05	0.09	-0.01	26.42
-0.04	0.03	1.00	-0.07	0.03	0.11	26.45
-0.04	0.03	1.00	-0.07	0.09	0.11	26.44
-0.04	0.03	1.00	-0.07	0.09	-0.13	26.42
-0.04	0.03	1.00	-0.01	0.09	0.30	26.39
-0.04	0.03	1.00	-0.13	0.21	-0.43	26.45
-0.04	0.03	1.00	0.05	-0.15	0.30	26.42
-0.04	0.03	1.00	-0.01	0.03	-0.31	26.44
-0.04	0.03	1.00	0.05	0.09	-0.31	26.42
-0.04	0.03	1.00	0.05	-0.09	0.42	26.42
-0.04	0.03	1.00	-0.13	0.27	-0.74	26.42
-0.04	0.03	1.00	-0.01	-0.21	0.79	26.42
-0.04	0.03	1.00	0.05	0.40	-0.86	26.43
-0.04	0.03	1.00	-0.07	-0.27	0.54	26.42
-0.04	0.03	1.00	0.05	0.21	-0.07	26.43
-0.04	0.03	1.00	-0.07	0.15	-0.19	26.45
-0.04	0.03	1.00	0.05	-0.03	0.18	26.43
-0.04	0.03	1.00	-0.13	-0.03	0.18	26.42
-0.04	0.03	0.99	0.05	0.15	-0.19	26.43
-0.04	0.03	1.00	-0.07	-0.15	0.42	26.43
-0.04	0.03	1.00	-0.01	0.21	-0.31	26.43
-0.04	0.03	1.00	0.05	-0.09	0.18	26.42
-0.04	0.02	1.00	-0.07	0.09	0.11	26.41
-0.04	0.03	1.00	-0.13	0.21	-0.25	26.41
-0.04	0.03	1.00	-0.13	0.03	0.05	26.42
-0.04	0.03	1.00	-0.01	0.09	0.05	26.43
-0.04	0.03	1.00	-0.13	0.09	-0.19	26.42
-0.04	0.03	1.00	0.05	0.03	0.05	26.43
-0.04	0.02	1.00	-0.07	0.03	0.11	26.40
-0.04	0.02	0.99	-0.01	0.21	-0.31	26.41
-0.04	0.03	1.00	-0.01	-0.03	0.36	26.40
-0.04	0.03	1.00	0.05	0.15	-0.19	26.43
-0.04	0.03	1.00	-0.01	0.15	-0.19	26.43
-0.04	0.03	1.00	-0.19	-0.03	0.36	26.41
-0.04	0.02	1.00	-0.01	0.27	-0.37	26.40
-0.04	0.03	1.00	-0.07	0.03	0.24	26.43
-0.04	0.03	1.00	-0.01	0.09	-0.01	26.40
-0.04	0.03	1.00	-0.13	0.09	-0.13	26.39
-0.04	0.03	1.00	-0.07	-0.03	0.24	26.41
-0.04	0.03	1.00	-0.13	0.03	-0.19	26.40
-0.04	0.03	1.00	-0.07	0.03	0.05	26.42
-0.04	0.02	1.00	-0.01	0.03	0.05	26.41
-0.04	0.03	1.00	-0.01	0.03	-0.19	26.40
-0.04	0.03	1.00	-0.01	0.03	0.11	26.41
-0.04	0.03	1.00	-0.07	0.15	-0.13	26.40
-0.04	0.03	1.00	-0.01	0.09	-0.01	26.42
-0.04	0.03	1.00	-0.07	-0.03	0.18	26.40
-0.04	0.03	1.00	-0.01	0.15	-0.13	26.41
-0.04	0.03	1.00	-0.07	0.03	-0.01	26.42
-0.04	0.03	1.00	0.11	-0.03	0.11	26.42
-0.04	0.03	1.00	-0.25	0.21	-0.01	26.38
-0.04	0.03	1.00	-0.07	0.21	-0.13	26.43
-0.04	0.02	1.00	-0.13	-0.09	0.48	26.41
-0.04	0.03	1.00	-0.13	0.34	-0.62	26.42
-0.04	0.03	1.00	-0.13	-0.21	0.73	26.42
-0.04	0.03	1.00	-0.13	0.27	-0.43	26.39
-0.04	0.03	1.00	0.05	0.09	0.05	26.40
-0.04	0.03	1.00	0.05	0.03	-0.01	26.40
-0.04	0.03	1.00	-0.01	0.21	-0.13	26.39
-0.04	0.03	1.00	-0.07	-0.03	0.11	26.42
-0.04	0.03	1.00	0.05	0.09	0.05	26.41
-0.04	0.03	1.00	-0.19	0.09	-0.01	26.40
-0.04	0.03	1.00	0.05	0.03	-0.07	26.39
-0.04	0.03	1.00	-0.25	0.09	0.18	26.39
-0.04	0.03	1.00	-0.07	0.15	-0.13	26.41
-0.04	0.03	1.00	0.05	-0.03	0.11	26.41
-0.04	0.03	0.99	-0.01	0.03	0.11	26.40
-0.04	0.03	1.00	-0.01	0.21	-0.19	26.39
-0.04	0.03	1.00	-0.07	-0.03	0.36	26.39
-0.04	0.03	1.00	-0.07	0.15	-0.13	26.40
-0.04	0.03	1.00	-0.07	0.09	0.18	26.38
-0.04	0.03	1.00	-0.31	-0.09	-0.01	26.39
-0.04	0.03	1.00	-0.07	0.15	-0.19	26.38
-0.04	0.03	1.00	0.18	0.09	0.11	26.38
-0.04	0.03	1.00	-0.19	-0.03	-0.01	26.38
-0.04	0.03	1.00	-0.07	0.21	-0.25	26.41
-0.04	0.03	1.00	0.05	-0.03	0.11	26.39
-0.04	0.03	0.99	-0.07	0.09	-0.01	26.40
-0.04	0.03	0.99	0.05	0.03	-0.13	26.40
-0.04	0.03	1.00	-0.01	0.03	0.05	26.39
-0.04	0.03	1.00	-0.13	0.03	0.05	26.40
-0.04	0.03	0.99	0.05	0.09	-0.19	26.40
-0.04	0.03	1.00	-0.07	-0.09	0.18	26.40
-0.04	0.03	1.00	-0.01	0.15	-0.37	26.42
-0.04	0.03	1.00	0.05	0.03	-0.01	26.40
-0.04	0.03	1.00	-0.07	0.03	0.30	26.40
-0.04	0.03	1.00	-0.07	0.15	-0.43	26.37
-0.04	0.03	1.00	-0.07	-0.03	0.42	26.40
-0.04	0.03	1.00	-0.07	0.21	-0.31	26.42
-0.04	0.03	1.00	-0.07	0.03	0.18	26.39
-0.04	0.03	1.00	-0.01	0.09	-0.01	26.39
-0.04	0.03	1.00	-0.07	0.27	-0.19	26.39
-0.04	0.03	0.99	-0.01	0.09	0.11	26.39
-0.04	0.03	1.00	-0.07	0.03	0.05	26.41
-0.04	0.03	1.00	-0.07	0.21	-0.31	26.39
-0.04	0.03	1.00	-0.13	0.03	0.24	26.41
-0.04	0.03	1.00	-0.01	0.15	-0.13	26.40
-0.04	0.03	1.00	-0.07	0.15	-0.01	26.39
-0.04	0.02	1.00	0.05	0.03	-0.01	26.39
-0.05	0.03	1.00	-0.19	0.09	-0.01	26.39
-0.04	0.03	1.00	-0.01	0.09	-0.01	26.40
-0.04	0.03	1.00	-0.01	0.15	0.05	26.37
-0.04	0.03	1.00	-0.07	0.09	-0.07	26.38
-0.04	0.03	1.00	-0.07	0.09	-0.01	26.39
-0.04	0.03	1.00	-0.07	-0.03	0.11	26.39
-0.04	0.03	1.00	-0.01	0.09	-0.01	26.38
-0.04	0.03	1.00	-0.07	0.03	-0.01	26.39
-0.04	0.03	1.00	-0.07	0.09	0.11	26.37
-0.04	0.03	1.00	0.05	0.03	-0.01	26.38
-0.04	0.03	1.00	-0.13	0.03	0.11	26.39
-0.04	0.03	1.00	-0.07	0.03	0.11	26.38
-0.04	0.03	1.00	-0.01	0.03	0.05	26.38
-0.04	0.03	1.00	-0.07	0.03	-0.01	26.38
-0.04	0.03	1.00	-0.01	0.09	-0.01	26.36
-0.04	0.03	1.00	-0.07	0.15	0.11	26.38
-0.04	0.03	0.99	-0.07	-0.03	0.36	26.36
-0.04	0.03	1.00	-0.01	0.21	-0.56	26.37
-0.04	0.03	1.00	-0.07	-0.03	0.54	26.37
-0.04	0.03	1.00	-0.13	0.15	-0.43	26.37
-0.04	0.03	1.00	-0.19	0.09	0.11	26.38
-0.04	0.03	1.00	0.11	0.03	0.05	26.39
-0.04	0.03	1.00	-0.07	0.03	0.05	26.36
-0.04	0.03	1.00	-0.07	0.09	-0.31	26.36
-0.04	0.03	1.00	-0.19	0.03	0.24	26.36
-0.04	0.03	0.99	-0.01	0.27	-0.25	26.36
-0.04	0.03	1.00	-0.07	0.09	0.18	26.36
-0.04	0.03	1.00	-0.01	0.09	-0.01	26.38
-0.04	0.03	1.00	-0.01	0.15	-0.07	26.36
-0.04	0.03	1.00	0.11	0.03	-0.13	26.37
-0.04	0.03	1.00	0.24	-0.15	0.97	26.37
-0.04	0.03	0.99	0.66	0.27	-0.80	26.38
-0.04	0.03	1.00	-0.56	0.27	-0.25	26.36
-0.04	0.03	1.00	0.36	-0.46	0.97	26.37
-0.04	0.03	0.99	-0.25	0.76	-1.41	26.35
-0.04	0.03	1.00	-0.01	-0.46	1.03	26.39
-0.04	0.03	1.00	0.18	0.21	-0.50	26.36
-0.04	0.03	1.00	-0.13	0.21	-0.31	26.36
-0.04	0.03	1.00	0.05	-0.15	0.73	26.36
-0.04	0.03	1.00	-0.13	0.34	-0.50	26.36
-0.04	0.02	1.00	0.05	0.03	0.18	26.37
-0.04	0.03	1.00	-0.07	-0.09	0.36	26.35
-0.04	0.03	1.00	-0.01	0.27	-0.37	26.34
-0.04	0.03	1.00	0.05	-0.09	0.36	26.38
-0.04	0.03	1.00	-0.01	0.09	-0.13	26.33
-0.04	0.03	0.99	-0.01	0.15	0.05	26.37
-0.04	0.03	0.99	-0.01	0.03	0.11	26.36
-0.04	0.03	1.00	-0.01	0.09	-0.19	26.37
-0.04	0.03	1.00	-0.01	0.09	-0.01	26.36
-0.04	0.03	1.00	-0.01	-0.09	0.11	26.34
-0.04	0.03	1.00	0.05	0.15	-0.01	26.35
-0.04	0.03	1.00	-0.13	0.15	-0.19	26.36
-0.04	0.03	1.00	-0.19	0.09	0.24	26.36
-0.04	0.03	1.00	-0.07	0.03	-0.13	26.36
-0.04	0.03	1.00	-0.07	0.09	0.18	26.37
-0.04	0.03	1.00	-0.07	0.09	-0.07	26.36
-0.04	0.03	1.00	-0.07	0.21	-0.01	26.34
-0.04	0.03	1.00	-0.07	0.09	0.05	26.37
-0.04	0.03	1.00	-0.07	0.09	-0.01	26.37
-0.04	0.03	1.00	-0.01	0.03	0.11	26.36
-0.04	0.03	1.00	-0.13	0.03	-0.01	26.36
-0.04	0.03	1.00	0.11	0.15	0.05	26.38
-0.04	0.03	1.00	-0.13	0.15	-0.07	26.33
-0.04	0.03	1.00	-0.07	0.03	0.05	26.36
-0.04	0.03	1.00	-0.01	0.09	-0.07	26.38
-0.04	0.03	1.00	-0.13	0.09	0.05	26.36
-0.04	0.03	0.99	-0.07	0.09	-0.01	26.36
-0.04	0.03	1.00	-0.07	0.15	-0.13	26.34
-0.04	0.03	0.99	0.05	0.03	0.05	26.35
-0.04	0.03	1.00	0.05	0.15	-0.19	26.36
-0.04	0.03	1.00	-0.07	-0.03	-0.01	26.34
-0.04	0.03	1.00	-0.01	0.03	-0.07	26.36
-0.04	0.03	1.00	-0.07	0.09	-0.19	26.36
-0.04	0.03	1.00	-0.13	0.09	-0.01	26.35
-0.04	0.03	1.00	-0.13	0.21	-0.01	26.36
-0.04	0.03	1.00	0.11	0.03	-0.01	26.36
-0.04	0.03	1.00	-0.01	0.09	0.05	26.36
-0.04	0.03	1.00	-0.01	0.09	-0.01	26.34
-0.04	0.03	1.00	0.05	0.15	0.18	26.34
-0.04	0.03	1.00	-0.07	0.09	-0.07	26.35
-0.04	0.03	1.00	-0.07	0.03	-0.01	26.36
-0.04	0.03	1.00	-0.07	0.03	0.05	26.35
-0.04	0.03	1.00	-0.01	0.09	-0.13	26.35
-0.04	0.03	1.00	-0.01	0.03	0.24	26.35
-0.04	0.03	1.00	-0.13	0.27	-0.19	26.34
-0.04	0.03	1.00	-0.01	0.03	0.11	26.36
-0.04	0.03	1.00	-0.01	0.15	-0.07	26.36
-0.04	0.03	1.00	-0.01	0.09	-0.07	26.33
-0.04	0.03	1.00	-0.07	0.09	0.18	26.35
-0.04	0.03	1.00	-0.07	0.15	-0.01	26.34
-0.04	0.02	1.00	-0.01	0.03	0.11	26.36
-0.04	0.03	1.00	-0.01	0.03	-0.01	26.34
-0.04	0.03	1.00	-0.07	-0.03	0.05	26.34
-0.04	0.03	1.00	0.05	0.15	-0.07	26.34
-0.04	0.03	1.00	-0.01	0.03	0.11	26.36
-0.04	0.03	1.00	-0.07	0.03	0.05	26.35
-0.04	0.03	1.00	-0.07	0.15	-0.07	26.33
-0.04	0.03	1.00	-0.01	0.03	-0.07	26.36
-0.04	0.03	1.00	-0.07	0.09	-0.13	26.35
-0.04	0.03	1.00	-0.01	0.09	0.11	26.36
-0.04	0.03	1.00	-0.07	0.03	-0.13	26.35
-0.04	0.03	1.00	0.05	0.09	-0.07	26.36
-0.04	0.03	1.00	-0.07	0.03	-0.01	26.39
-0.04	0.03	1.00	-0.01	0.03	-0.07	26.32
-0.05	0.03	1.00	0.05	0.09	0.11	26.34
-0.04	0.03	1.00	-0.13	0.15	0.11	26.34
-0.04	0.03	1.00	-0.07	0.21	-0.07	26.36
-0.04	0.03	1.00	0.05	0.03	-0.01	26.36
-0.04	0.03	1.00	-0.07	-0.09	0.18	26.35
-0.04	0.03	1.00	-0.01	0.15	-0.19	26.33
-0.04	0.03	1.00	0.05	0.03	0.05	26.33
-0.04	0.03	0.99	0.11	0.15	-0.07	26.34
-0.04	0.02	1.00	-0.01	-0.15	0.60	26.36
-0.04	0.03	1.00	-0.07	0.52	-1.11	26.33
-0.04	0.03	1.00	-0.01	-0.21	0.85	26.34
-0.04	0.03	1.00	-0.01	0.15	-0.25	26.33
-0.04	0.03	1.00	-0.01	0.15	-0.19	26.34
-0.04	0.03	1.00	0.11	-0.09	0.42	26.35
-0.04	0.03	1.00	-0.13	0.21	-0.50	26.35
-0.04	0.03	1.00	-0.07	-0.09	0.48	26.33
-0.04	0.03	1.00	-0.13	0.21	-0.07	26.33
-0.04	0.03	1.00	0.05	0.03	-0.07	26.34
-0.04	0.03	1.00	-0.07	0.09	0.11	26.34
-0.04	0.03	1.00	0.05	0.15	-0.19	26.35
-0.04	0.03	1.00	-0.07	0.03	0.05	26.33
-0.04	0.03	1.00	-0.13	0.03	-0.01	26.34
-0.04	0.02	1.00	-0.01	0.15	-0.13	26.36
-0.04	0.03	1.00	-0.07	-0.03	0.11	26.34
-0.04	0.03	1.00	-0.01	0.09	0.05	26.35
-0.04	0.03	1.00	-0.07	0.15	-0.13	26.33
-0.04	0.03	1.00	-0.07	0.09	0.05	26.36
-0.04	0.03	1.00	0.05	-0.03	-0.01	26.36
-0.04	0.03	1.00	-0.07	0.09	-0.07	26.33
-0.04	0.03	1.00	-0.01	0.03	0.05	26.35
-0.04	0.03	1.00	-0.01	0.03	-0.01	26.32
-0.04	0.02	1.00	0.05	0.09	-0.13	26.34
-0.04	0.02	1.00	-0.07	-0.03	0.05	26.32
-0.04	0.03	1.00	-0.07	0.09	-0.01	26.34
-0.04	0.03	1.00	-0.07	0.03	-0.07	26.34
-0.04	0.03	1.00	-0.13	0.21	-0.01	26.33
-0.04	0.03	1.00	-0.01	0.03	-0.07	26.34
-0.04	0.03	1.00	-0.07	-0.09	0.05	26.35
-0.04	0.03	1.00	-0.07	0.03	-0.13	26.33
-0.04	0.03	1.00	-0.01	0.09	-0.07	26.33
-0.04	0.03	1.00	-0.07	0.03	0.18	26.30
-0.04	0.03	1.00	0.05	0.09	-0.25	26.33
-0.04	0.03	1.00	-0.07	-0.15	0.30	26.34
-0.04	0.03	1.00	-0.07	0.15	-0.13	26.35
-0.04	0.03	1.00	-0.13	0.09	-0.01	26.34
-0.04	0.03	0.99	-0.01	-0.03	0.18	26.32
-0.04	0.03	1.00	-0.01	0.09	-0.13	26.33
-0.04	0.03	1.00	0.11	0.15	0.11	26.31
-0.04	0.03	1.00	-0.07	0.03	-0.07	26.32
-0.04	0.03	1.00	-0.07	0.21	-0.07	26.35
-0.04	0.03	1.00	-0.07	0.03	0.11	26.32
-0.04	0.03	1.00	-0.01	0.03	-0.01	26.33
-0.04	0.03	1.00	0.05	0.03	-0.01	26.33
-0.04	0.03	1.00	-0.07	-0.03	0.18	26.32
-0.04	0.03	1.00	-0.25	0.27	-0.56	26.32
-0.04	0.03	1.00	0.18	-0.09	0.42	26.33
-0.04	0.03	1.00	-0.07	0.03	-0.07	26.33
-0.04	0.03	1.00	0.24	0.46	-0.74	26.31
-0.04	0.03	1.00	0.05	-0.52	1.34	26.32
-0.04	0.02	1.00	-0.07	0.58	-1.04	26.32
-0.04	0.03	1.00	-0.07	-0.09	0.36	26.31
-0.04	0.03	1.00	0.05	-0.03	0.24	26.33
-0.04	0.03	1.00	-0.07	0.15	-0.31	26.31
-0.04	0.03	1.00	-0.13	-0.34	0.18	26.31
-0.04	0.03	1.00	-0.07	0.15	0.05	26.29
-0.04	0.03	1.00	-0.07	0.15	-0.37	26.30
-0.04	0.03	1.00	0.24	0.03	-0.13	26.30
-0.04	0.03	1.00	-0.07	-0.15	0.54	26.33
-0.04	0.03	1.00	-0.07	0.52	-1.04	26.33
-0.04	0.03	1.00	-0.07	-0.34	1.15	26.31
-0.04	0.03	1.00	-0.07	0.64	-1.04	26.33
-0.04	0.03	1.00	-0.01	-0.09	0.48	26.30
-0.04	0.03	1.00	-0.01	0.03	0.42	26.31
-0.04	0.03	1.00	-0.13	0.34	-0.56	26.31
-0.04	0.03	1.00	-0.13	-0.15	0.66	26.31
-0.05	0.03	0.99	-0.13	0.21	-0.19	26.30
-0.04	0.03	1.00	-0.07	0.09	0.42	26.32
-0.04	0.03	1.00	-0.13	-0.03	0.36	26.31
-0.04	0.03	1.00	0.05	0.15	-0.19	26.32
-0.04	0.03	1.00	-0.13	0.15	0.18	26.31
-0.04	0.03	1.00	-0.07	0.21	0.05	26.30
-0.04	0.03	1.00	-0.07	0.27	-0.19	26.33
-0.04	0.03	1.00	-0.07	0.21	0.30	26.33
-0.04	0.03	1.00	-0.07	0.21	-0.13	26.31
-0.04	0.03	1.00	-0.07	0.09	-0.07	26.31
-0.04	0.03	1.00	-0.13	0.03	-0.01	26.33
-0.04	0.03	1.00	-0.13	0.09	-0.13	26.30
-0.04	0.03	1.00	-0.13	0.03	-0.01	26.31
-0.04	0.03	1.00	-0.07	0.15	-0.07	26.33
-0.04	0.03	1.00	-0.07	0.09	-0.13	26.30
-0.04	0.03	1.00	-0.01	0.09	0.05	26.32
-0.04	0.03	1.00	-0.13	-0.21	0.42	26.28
-0.04	0.03	1.00	-0.01	0.27	-0.43	26.32
-0.04	0.03	1.00	-0.07	-0.15	0.54	26.30
-0.04	0.03	0.99	-0.07	0.21	-0.50	26.30
-0.04	0.03	1.00	-0.07	-0.03	0.36	26.29
-0.04	0.03	1.00	-0.01	0.09	-0.19	26.30
-0.04	0.03	1.00	-0.07	0.09	0.05	26.30
-0.04	0.03	1.00	-0.07	0.15	-0.13	26.29
-0.04	0.03	0.99	-0.01	-0.09	0.24	26.32
-0.04	0.03	1.00	-0.07	0.21	-0.25	26.33
-0.04	0.03	1.00	-0.01	0.03	0.18	26.33
-0.04	0.03	1.00	0.05	0.09	-0.07	26.29
-0.04	0.03	1.00	-0.01	0.09	-0.01	26.30
-0.04	0.03	1.00	-0.01	0.09	-0.01	26.31
-0.04	0.03	1.00	-0.07	0.03	-0.07	26.30
-0.04	0.03	1.00	-0.07	0.09	-0.01	26.30
-0.04	0.03	1.00	-0.01	0.09	0.11	26.31
-0.04	0.03	1.00	-0.07	0.15	-0.07	26.29
-0.04	0.03	1.00	-0.01	-0.03	0.18	26.27
-0.04	0.03	1.00	-0.13	0.09	0.05	26.29
-0.04	0.03	1.00	0.05	0.09	0.11	26.30
-0.04	0.03	1.00	-0.01	0.03	0.11	26.30
-0.04	0.03	1.00	0.30	0.09	-0.07	26.30
-0.04	0.03	1.00	-0.25	-0.09	0.11	26.32
-0.04	0.03	1.00	0.05	0.27	-0.25	26.33
-0.04	0.03	1.00	-0.19	-0.03	0.42	26.28
-0.04	0.03	1.00	-0.07	0.27	-0.37	26.30
-0.04	0.03	1.00	-0.07	0.15	0.30	26.30
-0.04	0.03	1.00	-0.13	0.09	-0.19	26.28
-0.04	0.03	1.00	-0.07	0.03	0.05	26.32
-0.04	0.03	1.00	-0.07	0.15	0.05	26.30
-0.04	0.03	1.00	-0.07	0.09	0.11	26.28
-0.04	0.03	1.00	0.05	0.09	-0.19	26.31
-0.04	0.03	1.00	-0.13	0.03	0.18	26.29
-0.04	0.03	1.00	-0.07	0.09	-0.07	26.29
-0.04	0.03	1.00	-0.01	0.15	-0.01	26.29
-0.04	0.03	1.00	-0.13	0.09	-0.01	26.30
-0.04	0.03	1.00	-0.07	0.09	0.18	26.27
-0.04	0.03	1.00	-0.07	0.03	-0.13	26.26
-0.04	0.03	1.00	-0.13	0.03	0.11	26.31
-0.04	0.03	1.00	-0.01	0.09	-0.01	26.28
-0.04	0.03	1.00	-0.01	0.03	-0.01	26.30
-0.04	0.03	1.00	-0.01	0.03	0.18	26.27
-0.05	0.03	1.00	-0.01	0.09	-0.13	26.28
-0.04	0.03	1.00	-0.13	-0.03	0.11	26.29
-0.04	0.03	0.99	-0.01	0.03	-0.13	26.30
-0.04	0.03	1.00	-0.07	-0.03	0.05	26.27
-0.04	0.03	1.00	-0.01	0.03	-0.01	26.27
-0.04	0.03	1.00	-0.07	0.03	0.11	26.27
-0.04	0.03	1.00	-0.01	0.09	-0.01	26.29
-0.04	0.03	1.00	-0.13	0.03	-0.01	26.28
-0.04	0.03	1.00	0.05	-0.15	0.24	26.29
-0.04	0.03	1.00	0.05	0.09	-0.25	26.28
-0.04	0.03	1.00	-0.07	-0.09	0.48	26.29
-0.04	0.03	1.00	-0.01	0.21	-0.25	26.28
-0.04	0.03	1.00	-0.07	-0.03	0.42	26.28
-0.04	0.03	1.00	-0.01	0.21	-0.31	26.28
-0.04	0.03	1.00	-0.13	-0.03	0.05	26.28
-0.04	0.03	0.99	-0.13	-0.03	-0.19	26.27
-0.04	0.03	0.99	-0.01	0.03	0.11	26.27
-0.04	0.03	1.00	-0.07	-0.03	-0.19	26.28
-0.04	0.03	1.00	-0.01	0.03	0.24	26.29
-0.04	0.03	1.00	0.05	0.15	-0.13	26.28
-0.04	0.02	1.00	-0.07	-0.09	0.36	26.30
-0.04	0.03	1.00	-0.19	0.15	-0.01	26.29
-0.04	0.03	1.00	-0.19	0.15	-0.01	26.28
-0.04	0.03	1.00	-0.01	0.15	0.05	26.26
-0.04	0.03	1.00	-0.01	0.21	-0.13	26.30
-0.04	0.03	1.00	-0.01	0.15	0.11	26.27
-0.04	0.03	1.00	-0.01	-0.03	0.05	26.29
-0.04	0.03	1.00	-0.01	0.03	-0.07	26.27
-0.04	0.03	1.00	-0.01	0.09	-0.13	26.29
-0.04	0.03	1.00	-0.13	0.09	0.05	26.28
-0.04	0.03	1.00	0.05	0.09	-0.07	26.29
-0.04	0.03	1.00	-0.07	0.15	-0.01	26.27
-0.04	0.03	1.00	-0.07	0.21	-0.31	26.27
-0.04	0.03	1.00	-0.07	-0.15	0.54	26.24
-0.04	0.03	1.00	0.05	0.21	-0.68	26.26
-0.04	0.03	1.00	-0.07	-0.09	0.48	26.28
-0.04	0.03	1.00	-0.01	0.27	-0.74	26.28
-0.04	0.03	1.00	-0.13	-0.09	0.48	26.26
-0.04	0.02	1.00	-0.01	0.21	-0.31	26.28
-0.04	0.03	1.00	-0.01	0.03	0.05	26.28
-0.04	0.03	1.00	-0.07	-0.03	-0.07	26.27
-0.04	0.03	1.00	0.05	0.27	-0.19	26.26
-0.04	0.03	1.00	0.05	-0.09	0.24	26.26
-0.04	0.03	1.00	-0.01	0.21	-0.01	26.27
-0.04	0.03	1.00	-0.07	0.09	0.05	26.30
-0.04	0.03	1.00	-0.13	0.03	0.30	26.26
-0.04	0.03	1.00	-0.01	0.15	-0.19	26.27
-0.04	0.03	1.00	-0.01	0.03	-0.01	26.27
-0.04	0.03	1.00	-0.19	0.03	0.24	26.27
-0.04	0.03	1.00	0.30	0.34	-0.56	26.27
-0.04	0.03	1.00	-0.25	-0.27	0.79	26.25
-0.04	0.03	1.00	0.11	0.46	-0.68	26.25
-0.04	0.03	1.00	-0.07	0.03	-0.01	26.25
-0.04	0.03	1.00	-0.07	-0.09	0.42	26.28
-0.04	0.03	1.00	-0.07	0.40	-0.37	26.26
-0.04	0.03	1.00	-0.01	-0.09	0.30	26.27
-0.04	0.03	0.99	-0.07	0.09	-0.07	26.26
-0.04	0.03	1.00	-0.01	0.15	-0.37	26.25
-0.04	0.03	1.00	-0.01	-0.09	0.42	26.25
-0.04	0.03	1.00	0.05	0.34	-0.31	26.26
-0.04	0.03	1.00	-0.01	-0.03	0.05	26.26
-0.04	0.03	1.00	0.30	0.15	-0.19	26.27
-0.04	0.03	1.00	-0.44	0.15	-0.07	26.26
-0.04	0.03	1.00	0.05	-0.09	0.36	26.27
-0.04	0.03	1.00	-0.25	0.40	-0.86	26.27
-0.04	0.03	1.00	-0.07	-0.09	0.79	26.28
-0.04	0.03	0.99	-0.19	0.27	-0.37	26.27
-0.04	0.03	0.99	-0.07	0.15	0.18	26.27
-0.04	0.03	1.00	-0.07	-0.03	-0.01	26.27
-0.04	0.03	1.00	-0.07	0.09	-0.07	26.27
-0.04	0.03	1.00	-0.07	0.15	0.11	26.26
-0.04	0.03	1.00	-0.01	0.09	0.18	26.27
-0.04	0.03	0.99	-0.01	0.27	-0.31	26.28
-0.04	0.03	1.00	-0.07	-0.09	0.24	26.27
-0.04	0.02	1.00	0.05	0.15	-0.13	26.27
-0.04	0.03	1.00	-0.19	0.03	0.18	26.25
-0.04	0.03	1.00	0.05	0.03	0.11	26.25
-0.04	0.03	1.00	-0.07	0.03	0.05	26.27
-0.04	0.03	1.00	0.05	0.09	-0.01	26.27
-0.04	0.03	1.00	0.05	0.03	-0.01	26.27
-0.04	0.03	1.00	-0.01	0.15	-0.07	26.26
-0.04	0.03	1.00	-0.07	0.03	0.11	26.27
-0.04	0.03	1.00	-0.07	0.03	-0.01	26.27
-0.04	0.03	1.00	-0.25	0.15	-0.19	26.27
-0.04	0.03	1.00	0.18	-0.03	0.18	26.26
-0.04	0.03	1.00	-0.25	0.09	0.05	26.25
-0.04	0.03	1.00	0.05	0.21	-0.19	26.24
-0.04	0.03	1.00	-0.13	-0.03	0.42	26.27
-0.04	0.03	1.00	0.05	0.27	-0.62	26.24
-0.04	0.03	1.00	-0.07	-0.15	0.60	26.25
-0.04	0.03	1.00	-0.01	0.21	-0.31	26.27
-0.04	0.03	1.00	-0.19	0.15	0.05	26.26
-0.04	0.03	1.00	-0.01	0.15	0.18	26.27
-0.04	0.03	1.00	-0.07	0.09	-0.13	26.30
-0.04	0.03	0.99	-0.01	0.03	0.18	26.25
-0.04	0.03	1.00	-0.07	0.03	0.11	26.27
-0.04	0.03	1.00	-0.07	0.15	-0.13	26.26
-0.04	0.03	1.00	-0.07	0.03	0.05	26.28
-0.04	0.03	1.00	-0.13	0.27	-0.19	26.25
-0.04	0.02	1.00	0.05	-0.03	0.24	26.24
-0.04	0.03	1.00	-0.07	0.09	0.11	26.28
-0.04	0.03	1.00	0.11	0.15	-0.31	26.25
-0.04	0.03	1.00	-0.13	-0.15	0.60	26.26
-0.04	0.02	1.00	-0.07	0.21	-0.25	26.27
-0.04	0.03	1.00	-0.07	0.03	0.24	26.25
-0.04	0.03	1.00	-0.13	0.15	0.05	26.24
-0.04	0.02	1.00	-0.07	0.09	0.18	26.25
-0.04	0.03	0.99	-0.07	0.09	-0.01	26.27
-0.04	0.03	1.00	-0.13	0.03	-0.01	26.23
-0.04	0.02	1.00	-0.01	0.21	-0.07	26.24
-0.04	0.03	1.00	-0.13	0.21	-0.01	26.24
-0.04	0.03	0.99	-0.13	0.03	0.11	26.24
-0.04	0.03	1.00	-0.01	0.09	-0.07	26.23
-0.04	0.03	1.00	-0.01	-0.03	0.18	26.24
-0.04	0.03	1.00	-0.07	0.09	-0.07	26.24
-0.04	0.03	1.00	-0.01	0.09	-0.07	26.21
-0.04	0.02	1.00	0.05	0.09	0.05	26.22
-0.04	0.03	1.00	-0.13	-0.03	0.36	26.24
-0.04	0.03	1.00	-0.07	0.27	-0.37	26.23
-0.04	0.03	1.00	-0.13	-0.03	0.30	26.22
-0.04	0.03	1.00	-0.19	0.15	-0.07	26.24
-0.04	0.03	1.00	-0.01	0.09	-0.01	26.25
-0.04	0.03	1.00	0.05	0.03	0.30	26.24
-0.04	0.03	1.00	-0.07	0.15	-0.07	26.23
-0.04	0.03	1.00	-0.07	0.09	0.11	26.24
-0.04	0.03	1.00	-0.01	0.03	-0.07	26.23
-0.04	0.03	1.00	-0.07	0.21	0.05	26.24
-0.04	0.03	1.00	-0.01	0.03	0.05	26.25
-0.04	0.03	1.00	-0.01	0.09	-0.01	26.22
-0.04	0.03	1.00	-0.01	-0.03	0.11	26.22
-0.04	0.03	1.00	0.05	0.21	-0.07	26.24
-0.04	0.02	1.00	-0.07	0.09	-0.01	26.24
-0.04	0.03	1.00	-0.01	0.03	0.18	26.26
-0.04	0.03	0.99	0.11	0.09	-0.37	26.26
-0.04	0.03	0.99	-0.13	0.09	0.05	26.25
-0.04	0.03	1.00	-0.07	0.15	-0.31	26.23
-0.04	0.03	1.00	-0.01	-0.09	0.42	26.23
-0.04	0.03	1.00	0.05	0.15	-0.19	26.23
-0.04	0.03	1.00	0.05	0.09	0.18	26.25
-0.04	0.03	1.00	-0.13	0.03	0.05	26.24
-0.04	0.02	1.00	-0.01	0.03	-0.13	26.23
-0.04	0.03	1.00	-0.07	0.09	0.11	26.23
-0.04	0.03	1.00	-0.07	-0.03	0.18	26.23
-0.04	0.03	0.99	-0.01	0.03	-0.07	26.23
-0.04	0.02	1.00	-0.01	-0.03	0.11	26.24
-0.04	0.03	1.00	0.05	0.09	0.05	26.24
-0.04	0.03	1.00	-0.01	0.09	-0.19	26.22
-0.04	0.03	1.00	0.05	-0.03	0.36	26.24
-0.04	0.03	1.00	-0.07	0.27	-0.31	26.25
-0.04	0.03	0.99	-0.01	-0.09	-0.01	26.21
-0.04	0.03	1.00	-0.07	-0.09	0.54	26.24
-0.04	0.03	1.00	-0.01	0.21	-0.74	26.22
-0.04	0.03	1.00	0.05	-0.15	0.60	26.23
-0.04	0.03	1.00	-0.01	0.21	-0.37	26.24
-0.04	0.03	1.00	-0.07	0.03	0.36	26.22
-0.04	0.03	1.00	-0.13	0.15	-0.13	26.23
-0.04	0.03	1.00	-0.01	-0.03	-0.07	26.20
-0.04	0.03	1.00	-0.01	0.03	0.05	26.23
-0.04	0.03	1.00	0.05	0.03	0.24	26.21
-0.04	0.03	1.00	0.11	0.21	-0.25	26.22
-0.04	0.03	1.00	-0.13	-0.09	0.48	26.21
-0.04	0.03	1.00	-0.07	0.21	-0.43	26.22
-0.04	0.03	1.00	-0.19	-0.03	0.48	26.21
-0.04	0.03	1.00	0.05	0.27	-0.37	26.19
-0.04	0.03	1.00	0.05	0.27	0.05	26.22
-0.04	0.03	1.00	0.05	0.03	0.24	26.21
-0.04	0.03	1.00	-0.01	0.34	-0.19	26.21
-0.04	0.03	1.00	-0.01	-0.09	0.42	26.21
-0.04	0.03	1.00	0.11	0.09	-0.25	26.21
-0.04	0.03	1.00	-0.07	-0.03	0.05	26.22
-0.04	0.03	1.00	-0.13	0.27	-0.01	26.23
-0.04	0.03	1.00	0.05	0.03	-0.07	26.23
-0.04	0.03	1.00	0.05	0.09	-0.01	26.23
-0.04	0.03	1.00	-0.07	0.09	0.11	26.22
-0.04	0.03	1.00	0.11	-0.09	0.11	26.21
-0.04	0.03	1.00	-0.19	0.09	-0.13	26.24
-0.04	0.03	1.00	0.11	0.15	-0.01	26.22
-0.04	0.03	1.00	-0.19	-0.03	-0.07	26.19
-0.04	0.03	1.00	-0.07	0.09	-0.13	26.20
-0.04	0.03	1.00	0.05	-0.03	-0.07	26.20
-0.04	0.03	1.00	-0.07	0.03	0.18	26.22
-0.04	0.03	1.00	-0.01	0.15	-0.31	26.20
-0.04	0.03	1.00	0.05	-0.09	0.42	26.21
-0.04	0.03	1.00	-0.01	0.09	-0.19	26.21
-0.04	0.03	1.00	-0.01	-0.03	0.05	26.23
-0.04	0.03	1.00	0.05	-0.03	0.11	26.21
-0.04	0.03	1.00	-0.01	0.27	-0.19	26.20
-0.04	0.03	1.00	-0.07	0.03	0.05	26.20
-0.04	0.03	1.00	-0.01	-0.03	0.05	26.21
-0.04	0.03	1.00	-0.07	0.15	-0.37	26.24
-0.04	0.03	1.00	-0.07	-0.09	0.48	26.22
-0.04	0.03	1.00	-0.07	0.21	-0.19	26.21
-0.04	0.03	1.00	0.05	0.09	-0.07	26.23
-0.04	0.03	1.00	-0.01	0.03	0.18	26.20
-0.04	0.03	1.00	-0.13	0.09	-0.07	26.19
-0.04	0.03	1.00	-0.01	0.09	0.05	26.24
-0.04	0.02	1.00	-0.01	0.15	0.05	26.18
-0.04	0.03	1.00	0.11	0.27	-0.13	26.21
-0.04	0.03	1.00	-0.07	0.09	0.18	26.19
-0.04	0.03	1.00	-0.01	0.09	-0.01	26.21
-0.04	0.03	1.00	-0.19	0.15	-0.01	26.20
-0.04	0.03	1.00	-0.07	0.03	-0.07	26.23
-0.04	0.03	1.00	-0.07	0.09	0.05	26.20
-0.04	0.03	1.00	0.11	-0.03	0.11	26.18
-0.04	0.03	1.00	-0.13	0.03	-0.01	26.19
-0.04	0.02	1.00	-0.01	0.21	-0.07	26.20
-0.04	0.03	1.00	-0.13	0.09	0.05	26.20
-0.04	0.02	1.00	-0.01	0.09	-0.01	26.18
-0.04	0.03	1.00	-0.01	0.09	-0.07	26.19
-0.04	0.03	1.00	-0.07	0.09	0.18	26.21
-0.04	0.03	1.00	-0.01	0.15	-0.19	26.20
-0.04	0.03	1.00	-0.01	0.15	-0.07	26.18
-0.04	0.03	1.00	-0.07	-0.03	0.05	26.21
-0.04	0.03	1.00	-0.01	0.09	-0.13	26.21
-0.04	0.03	1.00	-0.13	-0.09	0.05	26.22
-0.04	0.03	1.00	-0.01	-0.03	-0.01	26.21
-0.04	0.03	1.00	-0.07	0.09	-0.01	26.21
-0.04	0.03	1.00	-0.01	-0.03	0.11	26.19
-0.04	0.03	1.00	0.11	0.09	-0.13	26.22
-0.04	0.03	1.00	-0.01	-0.03	0.05	26.23
-0.04	0.03	1.00	0.05	0.09	-0.07	26.21
-0.04	0.03	1.00	-0.07	0.27	-0.13	26.18
-0.04	0.03	1.00	-0.01	-0.09	0.18	26.21
-0.04	0.03	1.00	0.05	0.15	-0.13	26.19
-0.04	0.03	1.00	-0.07	-0.03	0.05	26.20
-0.04	0.03	1.00	-0.07	0.15	-0.01	26.22
-0.04	0.03	1.00	-0.07	0.03	-0.07	26.18
-0.04	0.03	1.00	-0.01	0.15	-0.01	26.18
-0.04	0.03	1.00	-0.01	0.15	-0.01	26.18
-0.04	0.03	1.00	-0.13	0.21	-0.13	26.21
-0.04	0.03	1.00	-0.01	-0.03	0.11	26.18
-0.04	0.03	1.00	-0.07	0.27	-0.19	26.16
-0.04	0.03	1.00	-0.01	0.09	0.11	26.19
-0.04	0.03	1.00	-0.07	0.09	-0.01	26.20
-0.04	0.03	1.00	-0.13	0.09	0.11	26.19
-0.04	0.03	1.00	-0.01	0.03	-0.07	26.20
-0.04	0.03	1.00	-0.01	0.03	-0.07	26.21
-0.04	0.03	1.00	-0.07	0.03	0.05	26.19
-0.04	0.03	1.00	-0.07	0.09	-0.07	26.18
-0.04	0.03	1.00	-0.01	0.15	-0.01	26.18
-0.04	0.03	0.99	-0.07	-0.03	0.05	26.19
-0.04	0.03	1.00	-0.01	0.15	-0.19	26.18
-0.04	0.03	1.00	-0.07	-0.03	0.11	26.18
-0.04	0.03	1.00	-0.07	0.09	-0.07	26.21
-0.04	0.03	1.00	0.05	0.03	-0.07	26.21
-0.04	0.03	1.00	-0.01	0.03	0.05	26.18
-0.04	0.03	1.00	-0.01	0.09	0.11	26.20
-0.04	0.03	1.00	-0.13	0.15	-0.13	26.20
-0.04	0.03	0.99	-0.01	0.03	0.05	26.18
-0.04	0.03	1.00	-0.19	0.03	0.11	26.20
-0.04	0.03	0.99	-0.01	0.03	-0.01	26.21
-0.04	0.03	1.00	-0.07	0.09	0.05	26.18
-0.04	0.03	1.00	-0.01	0.03	0.05	26.21
-0.04	0.03	1.00	-0.01	0.09	-0.07	26.19
-0.04	0.03	1.00	-0.07	-0.03	0.05	26.19
-0.04	0.03	1.00	-0.07	0.09	-0.13	26.18
-0.04	0.03	1.00	0.05	0.09	0.05	26.16
-0.04	0.03	1.00	-0.07	0.09	0.05	26.19
-0.04	0.03	1.00	-0.13	0.03	0.24	26.18
-0.04	0.03	0.99	-0.01	0.09	-0.13	26.18
-0.04	0.03	1.00	-0.01	0.03	-0.07	26.18
-0.04	0.03	1.00	0.05	0.09	-0.13	26.18
-0.04	0.03	1.00	-0.19	0.09	-0.01	26.18
-0.04	0.03	1.00	0.11	-0.03	0.05	26.17
-0.04	0.03	1.00	-0.07	0.15	-0.01	26.17
-0.04	0.03	1.00	0.05	0.09	0.05	26.16
-0.04	0.03	1.00	-0.13	0.15	-0.07	26.17
-0.04	0.03	1.00	-0.01	0.09	0.11	26.19
-0.04	0.03	1.00	-0.01	-0.03	0.11	26.16
-0.04	0.03	1.00	-0.01	0.03	-0.01	26.18
-0.04	0.03	1.00	-0.19	-0.03	0.11	26.18
-0.04	0.03	1.00	-0.01	0.03	0.05	26.19
-0.04	0.03	1.00	-0.01	-0.03	-0.07	26.17
-0.04	0.03	1.00	-0.01	0.03	0.05	26.18
-0.04	0.03	1.00	-0.01	0.09	-0.01	26.17
-0.04	0.02	1.00	-0.07	0.03	-0.01	26.20
-0.04	0.03	1.00	0.05	0.03	0.11	26.17
-0.04	0.03	0.99	0.05	0.03	-0.07	26.20
-0.04	0.04	1.01	1.58	0.46	-0.19	26.18
-0.04	0.02	0.99	-0.37	-0.64	-0.68	26.16
-0.04	0.03	1.00	0.72	-0.15	-0.01	26.16
-0.04	0.02	1.00	0.91	0.21	-0.37	26.19
-0.04	0.03	1.00	-0.19	-0.27	0.54	26.17
-0.04	0.03	1.00	0.30	0.15	-0.31	26.18
-0.04	0.02	1.00	-0.01	0.09	0.18	26.18
-0.04	0.03	0.99	-0.01	0.03	0.18	26.18
-0.04	0.03	1.00	-0.01	0.15	-0.07	26.20
-0.04	0.02	1.00	-0.01	-0.03	0.11	26.19
-0.04	0.03	1.00	-0.07	0.03	0.24	26.18
-0.04	0.03	1.00	0.11	0.21	-0.37	26.16
-0.04	0.03	1.00	-0.01	-0.27	0.85	26.19
-0.04	0.03	1.00	-0.01	0.34	-0.74	26.17
-0.04	0.03	1.00	-0.07	-0.34	1.15	26.14
-0.04	0.03	1.00	-0.01	0.40	-1.17	26.16
-0.04	0.03	1.00	-0.07	-0.46	0.85	26.15
-0.04	0.03	1.00	-0.07	0.34	-1.11	26.18
-0.04	0.03	1.00	-0.19	-0.09	0.42	26.14
-0.04	0.03	1.00	-0.01	0.03	-0.19	26.13
-0.04	0.03	1.00	-0.19	0.03	-0.01	26.14
-0.04	0.03	1.00	-0.01	0.09	0.05	26.14
-0.04	0.03	0.99	0.30	0.09	-0.43	26.15
-0.04	0.03	1.00	-0.07	-0.03	0.11	26.16
-0.04	0.03	1.00	-0.01	0.09	-0.37	26.15
-0.04	0.03	1.00	-0.01	0.03	-0.01	26.16
-0.04	0.03	1.00	-0.13	0.15	-0.01	26.14
-0.04	0.03	1.00	0.05	0.15	-0.25	26.12
-0.04	0.03	0.99	0.05	-0.09	0.18	26.12
-0.04	0.03	1.00	0.36	0.03	-0.37	26.15
-0.04	0.02	0.99	-0.25	-0.27	0.24	26.15
-0.04	0.03	1.00	0.18	0.40	-0.80	26.16
-0.04	0.03	1.00	-0.01	-0.40	0.85	26.14
-0.04	0.03	1.00	0.05	0.15	-0.56	26.15
-0.04	0.03	1.00	0.05	-0.03	-0.07	26.14
-0.04	0.03	1.00	-0.07	-0.03	-0.01	26.16
-0.04	0.03	1.00	-0.01	0.09	-0.43	26.14
-0.04	0.03	1.00	0.05	-0.09	0.30	26.14
-0.04	0.03	1.00	-0.07	0.03	-0.07	26.13
-0.04	0.03	1.00	-0.01	0.27	-0.43	26.14
-0.04	0.03	1.00	-0.01	-0.09	0.42	26.15
-0.04	0.03	1.00	-0.01	0.21	-0.50	26.13
-0.04	0.03	1.00	0.05	-0.03	0.11	26.14
-0.04	0.02	1.00	-0.07	0.09	-0.07	26.13
-0.04	0.03	1.00	0.05	0.21	-0.56	26.15
-0.04	0.02	1.00	-0.25	-0.15	0.66	26.14
-0.04	0.03	1.00	-0.25	0.46	-0.68	26.15
-0.04	0.03	1.00	-0.01	0.03	0.05	26.14
-0.04	0.03	1.00	-0.13	-0.09	0.11	26.13
-0.04	0.03	1.00	0.11	0.21	-0.43	26.15
-0.04	0.03	1.00	0.11	-0.21	0.60	26.12
-0.04	0.03	0.99	-0.01	0.15	-0.43	26.17
-0.04	0.03	1.00	-0.01	0.03	0.24	26.14
-0.04	0.03	1.00	-0.01	0.03	0.36	26.14
-0.04	0.03	1.00	-0.07	0.15	-0.19	26.13
-0.04	0.03	0.99	-0.19	0.09	0.18	26.11
-0.04	0.03	1.00	-0.01	-0.09	0.36	26.12
-0.04	0.03	0.99	-0.01	0.34	-0.50	26.13
-0.04	0.03	0.99	0.05	-0.09	0.66	26.15
-0.04	0.03	0.99	1.40	-0.09	-0.50	26.12
-0.04	0.03	1.01	-0.68	-0.15	0.91	26.13
-0.04	0.03	1.00	0.79	0.52	-0.98	26.12
-0.04	0.01	1.03	1.52	8.09	2.68	26.14
-0.12	0.06	0.99	2.86	24.14	-57.08	26.11
-0.11	0.07	0.96	4.51	-8.51	-5.50	26.13
0.04	-0.01	0.99	-1.47	-33.23	74.03	26.15
-0.07	0.04	1.00	9.15	18.95	-57.50	26.15
-0.00	0.01	1.00	-2.88	-15.47	40.28	26.14
-0.07	0.03	1.00	3.84	10.10	-26.74	26.13
-0.02	0.02	1.00	-1.59	-7.05	22.27	26.13
-0.05	0.02	1.00	1.27	4.61	-9.96	26.13
-0.03	0.02	1.00	-1.05	-2.17	8.35	26.15
-0.05	0.03	1.00	0.24	2.29	-5.20	26.14
-0.04	0.02	1.00	-0.56	-1.13	4.69	26.14
-0.05	0.03	1.00	0.05	1.01	-2.39	26.12
-0.04	0.03	1.00	-0.25	-0.76	2.31	26.12
-0.05	0.03	1.00	0.11	0.52	-1.11	26.12
-0.04	0.03	1.00	-0.25	-0.15	0.91	26.12
-0.04	0.03	1.00	-0.01	0.21	-0.25	26.16
-0.04	0.03	1.00	-0.13	-0.09	0.48	26.14
-0.04	0.03	1.00	-0.01	0.21	-0.31	26.14
-0.04	0.03	1.00	-0.07	0.03	0.18	26.15
-0.20	0.00	0.99	-4.89	-2.29	18.00	26.15
-0.06	0.03	1.00	-2.82	5.71	16.41	26.14
-0.05	0.03	0.99	1.21	5.71	9.21	26.12
-0.06	0.03	0.99	0.48	4.00	-2.27	26.13
-0.01	0.01	0.98	1.03	22.25	-16.85	26.15
-0.09	0.03	1.02	22.70	21.09	-16.30	26.12
-0.10	0.04	0.99	6.58	23.53	-6.54	26.13
-0.13	0.05	0.99	3.78	20.42	-0.25	26.13
-0.14	0.05	0.99	5.18	11.20	4.51	26.13
-0.14	0.06	0.99	-4.46	11.02	12.75	26.13
-0.15	0.05	0.99	-6.97	3.14	6.95	26.16
-0.15	0.04	0.98	-2.69	-0.03	2.43	26.13
-0.15	0.05	0.98	0.42	2.35	-0.62	26.14
-0.15	0.05	0.99	2.31	0.46	1.46	26.15
-0.15	0.05	0.99	1.46	1.56	-4.22	26.16
-0.15	0.05	0.99	2.37	-5.46	-15.51	26.12
-0.15	0.05	0.99	4.45	-14.74	-25.21	26.13
-0.13	0.06	0.99	17.02	-21.51	-85.46	26.14
-0.09	0.06	1.01	10.98	-8.27	-51.34	26.14
-0.11	0.06	0.99	7.38	1.31	-27.53	26.13
-0.08	0.07	0.99	-1.90	-32.26	5.24	26.13
-0.15	0.08	1.06	-1.59	-31.77	8.66	26.15
-0.01	0.07	0.99	-7.39	-13.46	37.59	26.14
-0.10	0.08	1.12	-3.18	-10.83	15.98	26.16
0.03	0.04	1.11	6.77	4.79	18.06	26.17
-0.05	0.06	0.98	5.49	14.13	1.03	26.15
-0.06	-0.02	0.73	17.75	41.84	-36.08	26.14
-0.10	-0.01	0.66	15.80	-1.80	-10.08	26.13
-0.15	0.15	1.20	6.16	-18.16	8.35	26.15
-0.07	0.24	1.50	-13.56	2.17	-10.38	26.15
-0.04	0.09	1.09	-15.21	16.45	-11.54	26.15
-0.10	-0.03	0.59	0.97	15.17	-8.86	26.13
-0.10	-0.05	0.43	0.85	-12.36	12.32	26.15
-0.15	0.14	0.96	1.33	-30.24	24.71	26.13
0.06	0.21	1.71	-10.75	-11.75	7.26	26.13
0.04	0.07	1.31	-21.00	11.93	-16.06	26.14
-0.11	-0.04	0.66	-6.36	2.84	-11.36	26.14
-0.21	-0.03	0.37	5.85	-6.07	5.30	26.16
-0.16	0.10	0.84	9.88	-17.12	14.82	26.15
0.19	0.16	1.77	-3.00	-6.38	0.24	26.15
0.04	0.08	1.36	-13.68	13.09	-23.20	26.12
-0.12	0.00	0.70	-0.31	19.44	-24.36	26.18
-0.16	-0.06	0.36	5.91	12.05	-2.39	26.15
-0.19	0.00	0.58	6.77	0.52	8.90	26.14
0.16	0.18	1.75	0.97	-15.84	13.60	26.16
0.01	0.13	1.41	-14.47	29.75	-19.66	26.17
-0.14	0.01	0.75	-8.49	8.21	-17.59	26.14
-0.15	-0.07	0.44	2.62	4.97	2.98	26.16
-0.25	0.00	0.52	6.64	-10.28	11.28	26.17
0.12	0.15	1.44	-0.31	-23.59	15.43	26.15
0.01	0.11	1.45	-16.49	38.48	-9.77	26.15
-0.08	-0.01	0.88	-8.92	3.57	-9.83	26.14
-0.13	-0.04	0.59	5.24	6.99	-1.96	26.17
-0.30	-0.01	0.48	4.08	-4.79	6.34	26.16
-0.06	0.09	1.07	-1.90	-12.54	11.53	26.17
0.21	0.06	2.03	-11.12	-10.22	1.76	26.15
-0.02	-0.01	1.13	-5.62	12.05	-15.08	26.12
-0.16	-0.02	0.67	3.53	8.03	-9.53	26.15
-0.20	-0.06	0.45	4.26	2.90	6.34	26.14
-0.13	-0.01	0.74	4.08	-15.78	15.98	26.16
0.28	0.14	2.30	3.35	-37.69	11.35	26.15
0.00	0.04	1.14	-7.70	26.58	-21.43	26.16
-0.14	-0.03	0.66	0.72	11.81	-15.39	26.13
-0.15	-0.09	0.36	8.17	-1.50	6.22	26.14
-0.21	0.03	0.65	12.32	-12.05	17.45	26.12
0.14	0.18	1.81	-1.29	-9.49	12.32	26.18
-0.03	0.08	1.26	-16.18	17.61	-18.38	26.14
-0.12	-0.04	0.71	-4.77	5.83	-14.29	26.16
-0.14	-0.10	0.45	6.77	-6.20	1.70	26.16
-0.27	0.00	0.63	9.21	-10.28	13.66	26.17
0.15	0.16	1.67	-0.25	-5.52	8.78	26.13
-0.03	0.10	1.41	-18.26	17.36	-10.99	26.17
-0.11	-0.04	0.81	-6.97	5.16	-13.37	26.15
-0.16	-0.09	0.46	6.89	0.76	-2.14	26.17
-0.22	-0.05	0.52	10.92	-9.80	11.47	26.15
0.11	0.15	1.50	2.25	-6.07	16.17	26.16
-0.06	0.13	1.47	-21.25	31.04	-7.82	26.17
-0.14	-0.02	0.87	-9.71	8.94	-17.04	26.16
-0.14	-0.13	0.36	4.08	9.74	-1.72	26.16
-0.21	-0.04	0.49	16.65	-8.58	16.47	26.13
0.18	0.19	1.79	8.11	-19.32	17.39	26.15
-0.10	0.14	1.26	-25.89	35.25	-18.75	26.17
-0.12	-0.04	0.73	-6.72	16.51	-14.72	26.18
-0.12	-0.11	0.39	10.67	8.94	1.82	26.19
-0.23	-0.04	0.44	15.13	-11.63	17.08	26.18
0.02	0.16	1.45	4.69	-14.92	14.09	26.19
-0.01	0.11	1.85	-23.51	9.06	-6.17	26.14
-0.07	-0.04	0.94	-11.60	3.81	-16.24	26.17
-0.15	-0.10	0.48	6.64	9.37	-2.51	26.18
-0.28	-0.06	0.44	13.18	-12.36	12.99	26.19
-0.04	0.12	1.26	10.73	-5.10	13.24	26.18
0.08	0.11	1.93	-21.61	9.98	-0.62	26.19
-0.09	-0.01	1.03	-16.73	16.33	-20.39	26.19
-0.18	-0.13	0.37	3.84	16.20	-11.48	26.21
-0.23	-0.10	0.35	17.14	-8.51	16.90	26.15
-0.01	0.13	1.35	10.92	-9.12	23.43	26.17
-0.13	0.17	2.01	-23.32	25.60	-5.74	26.18
-0.13	-0.02	0.93	-18.81	5.77	-19.17	26.20
-0.12	-0.13	0.36	7.87	17.49	-4.95	26.18
-0.27	-0.05	0.35	15.07	-10.47	18.30	26.18
-0.06	0.10	1.27	2.07	-10.71	21.54	26.17
-0.00	0.06	2.40	-24.73	-2.59	-0.92	26.20
-0.03	-0.06	1.13	-15.88	1.07	-20.58	26.18
-0.15	-0.10	0.51	-3.79	19.07	-2.45	26.21
-0.29	-0.08	0.26	13.54	-14.74	8.29	26.20
-0.11	0.04	1.01	22.64	-27.68	15.43	26.19
0.14	0.07	2.30	-11.91	-12.24	1.09	26.20
-0.08	-0.03	1.14	-16.12	3.27	-21.43	26.19
-0.20	-0.11	0.36	1.76	5.58	-8.25	26.21
-0.23	-0.08	0.20	25.26	-8.76	18.67	26.21
0.02	0.16	1.63	15.68	-13.52	24.71	26.22
0.03	0.10	1.85	-28.51	13.09	-11.48	26.21
-0.17	-0.08	0.74	-26.80	1.86	-24.60	26.22
-0.18	-0.15	0.22	5.00	9.12	1.82	26.23
-0.22	0.01	0.48	24.22	-21.76	29.35	26.21
0.17	0.13	2.07	7.19	-15.84	15.86	26.24
-0.06	0.07	1.35	-29.06	27.44	-28.51	26.19
-0.17	-0.07	0.67	-8.37	18.04	-22.71	26.22
-0.19	-0.11	0.23	16.17	4.36	0.85	26.22
-0.22	0.06	0.64	23.67	-18.34	21.60	26.22
0.18	0.11	2.05	1.76	-0.09	4.27	26.24
-0.06	0.00	1.27	-23.20	8.70	-23.02	26.23
-0.15	-0.08	0.64	-1.53	10.65	-9.96	26.24
-0.24	-0.05	0.36	15.37	-4.18	8.72	26.24
-0.22	0.05	0.83	13.11	-18.89	20.01	26.24
0.22	0.05	1.71	-2.57	-20.97	-0.74	26.24
-0.15	-0.04	0.97	-15.94	23.71	-9.71	26.26
-0.15	-0.01	0.76	-0.31	4.12	4.02	26.24
-0.06	0.04	1.05	4.51	-1.25	5.12	26.22
-0.09	0.01	1.06	-1.29	4.43	-0.07	26.24
-0.10	-0.01	0.98	0.24	-5.34	-2.57	26.28
-0.08	-0.00	0.99	3.78	5.34	1.95	26.26
-0.12	-0.15	1.07	3.41	-1.92	-1.66	26.25
-0.12	-0.18	1.16	-4.16	2.17	5.30	26.26
0.05	0.07	0.92	-12.40	1.13	10.49	26.28
-0.18	0.40	0.89	10.61	-5.52	2.50	26.26
-0.20	0.34	0.79	22.09	1.68	-10.75	26.28
-0.11	-0.16	1.08	20.19	-16.94	-15.20	26.28
0.00	-0.43	1.09	4.57	-6.20	-0.62	26.28
-0.08	-0.25	1.12	-9.22	10.41	9.21	26.29
-0.05	0.09	0.89	-22.41	8.70	15.31	26.29
0.01	0.38	0.93	-5.75	-5.22	7.19	26.29
-0.11	0.35	0.82	7.50	-11.51	-7.58	26.27
-0.16	-0.07	1.01	15.01	-13.76	-14.35	26.28
-0.10	-0.48	1.21	-7.21	-8.45	3.17	26.29
0.03	-0.28	1.15	-13.74	18.52	11.59	26.31
-0.00	0.21	0.93	-19.36	6.32	21.72	26.30
-0.10	0.51	0.88	-0.86	-0.70	-2.02	26.30
-0.17	0.37	0.84	20.44	-2.90	-18.93	26.31
-0.17	-0.22	1.11	18.49	-11.81	-20.82	26.30
0.03	-0.50	1.19	2.19	1.13	-4.10	26.31
0.07	-0.24	1.09	-17.34	8.76	13.60	26.31
0.02	0.25	0.92	-17.22	0.89	20.38	26.32
-0.07	0.50	0.89	-2.33	-13.95	3.04	26.31
-0.19	0.28	0.88	19.04	-4.85	-19.78	26.31
-0.17	-0.41	1.01	3.59	-23.47	-13.92	26.34
-0.04	-0.55	1.02	-10.81	0.09	9.82	26.33
0.11	-0.01	1.22	-18.56	18.34	22.76	26.34
-0.06	0.46	0.94	-30.40	7.35	10.31	26.33
-0.14	0.45	0.78	23.00	2.66	-9.89	26.34
-0.27	-0.14	1.01	28.13	-3.02	-17.40	26.36
-0.15	-0.52	1.21	2.56	2.59	-10.81	26.38
0.17	-0.26	1.11	-9.71	37.32	5.30	26.34
0.13	0.26	0.98	-4.16	6.87	-4.46	26.35
-0.15	0.57	0.76	5.61	-30.12	-6.72	26.34
-0.25	0.33	0.94	17.57	-2.17	-24.73	26.35
-0.12	-0.40	1.07	15.56	-3.69	-17.22	26.35
-0.02	-0.64	1.17	-9.71	15.59	18.06	26.37
0.09	-0.06	1.02	-22.10	20.29	31.18	26.34
0.07	0.45	1.04	-18.26	-2.96	24.10	26.36
-0.23	0.59	0.80	-4.40	-17.36	-13.74	26.36
-0.08	0.09	0.90	19.58	-2.96	-26.62	26.37
-0.07	-0.42	1.18	15.56	-15.53	-14.17	26.37
-0.01	-0.51	1.16	-5.81	16.51	0.48	26.36
0.03	-0.16	0.91	-27.11	11.93	17.33	26.38
-0.03	0.37	0.89	-10.69	-3.14	22.03	26.36
-0.11	0.58	1.03	4.51	-6.38	-7.15	26.38
-0.17	0.23	0.89	22.33	2.53	-24.54	26.39
-0.10	-0.35	1.08	23.55	-1.92	-22.77	26.40
0.03	-0.58	1.17	-5.13	-8.15	-5.62	26.38
0.01	-0.18	1.03	-17.52	9.98	15.01	26.39
-0.08	0.28	0.88	-26.99	-8.33	22.39	26.41
-0.00	0.46	0.99	-9.16	-6.26	4.27	26.39
-0.09	0.33	0.93	15.56	-5.28	-13.07	26.40
-0.10	-0.19	1.01	18.12	-13.89	-19.72	26.39
-0.09	-0.51	1.15	6.28	-6.62	-3.06	26.41
-0.07	-0.29	1.06	-9.83	13.52	10.19	26.40
0.06	0.13	0.90	-20.52	9.43	22.03	26.42
0.07	0.42	1.03	-5.99	-0.27	14.09	26.43
-0.08	0.40	0.85	15.31	-8.09	-11.18	26.45
-0.17	0.01	0.96	30.94	-0.03	-23.93	26.42
-0.07	-0.52	1.17	2.37	-14.25	-10.32	26.42
0.04	-0.38	1.04	-14.72	6.87	7.19	26.44
0.09	0.06	0.97	-21.25	7.17	17.57	26.43
-0.14	0.29	0.93	-14.35	-1.01	10.00	26.44
-0.17	0.16	0.92	-8.06	-7.35	-3.18	26.45
-0.06	-0.00	1.07	1.52	0.95	-7.58	26.43
-0.04	-0.07	1.02	3.35	5.71	-7.21	26.44
-0.02	-0.05	0.98	1.88	6.38	-3.85	26.44
-0.02	-0.04	1.02	-1.59	-2.04	-4.46	26.47
-0.06	-0.01	1.00	-1.53	1.25	-1.66	26.45
-0.04	0.04	1.00	3.17	-2.29	-3.61	26.46
-0.11	0.05	0.99	6.03	-0.15	-0.37	26.44
-0.07	-0.02	1.01	9.03	0.70	-0.43	26.45
-0.04	-0.08	1.02	7.01	4.67	-2.14	26.47
-0.06	-0.05	0.99	4.26	4.30	1.82	26.47
-0.08	-0.03	0.99	1.52	-1.62	-0.01	26.48
-0.16	0.04	1.00	1.03	3.08	-1.84	26.48
0.06	0.03	1.05	3.84	10.22	-9.53	26.50
0.69	-0.16	1.11	8.84	7.17	9.64	26.47
-0.21	0.05	0.97	14.70	-54.84	31.06	26.46
-0.99	0.27	1.09	11.59	1.25	-14.53	26.48
-0.57	0.12	0.64	-10.99	43.43	-39.74	26.48
0.78	-0.12	1.07	20.07	83.28	-25.89	26.50
0.61	-0.16	1.25	-11.54	-28.35	34.84	26.49
-0.52	0.16	0.90	0.36	-47.94	35.33	26.50
-0.96	0.22	1.15	-12.58	7.84	-2.75	26.50
-0.03	0.06	0.84	-13.98	58.01	-35.29	26.51
0.88	-0.17	1.23	3.47	16.94	7.07	26.51
0.23	-0.05	0.88	2.31	-56.79	41.92	26.50
-0.75	0.18	1.15	4.39	-42.88	16.90	26.52
-0.85	0.15	1.07	-18.07	40.25	-36.93	26.54
0.27	-0.01	0.85	3.78	66.07	-42.00	26.51
0.78	-0.15	1.15	8.84	13.52	20.62	26.54
-0.11	0.01	0.91	6.89	-63.63	35.33	26.54
-0.97	0.21	1.19	-1.78	-32.13	1.58	26.53
-0.64	0.12	0.82	-19.30	45.93	-39.74	26.52
0.48	-0.05	0.90	-0.19	54.84	-16.18	26.55
0.73	-0.12	1.19	3.41	-9.06	25.51	26.51
-0.10	0.06	0.94	5.79	-79.99	46.50	26.56
-0.87	0.16	1.19	-1.66	-34.33	11.59	26.54
-0.80	0.10	0.89	-22.90	46.91	-33.45	26.55
0.49	-0.08	0.94	12.81	91.89	-15.75	26.54
0.57	-0.08	1.23	4.33	-13.15	14.64	26.56
-0.02	0.03	0.92	1.52	-74.86	28.19	26.58
-0.84	0.18	1.11	-1.78	-35.92	6.40	26.54
-0.81	0.11	0.92	-22.47	29.45	-27.41	26.53
0.30	-0.04	0.87	6.46	64.00	-22.35	26.57
0.68	-0.16	1.28	-2.88	11.32	8.72	26.57
0.02	0.01	0.93	4.51	-64.24	34.54	26.58
-0.86	0.20	1.13	6.64	-31.89	2.62	26.59
-0.76	0.08	0.89	-16.91	34.82	-22.16	26.60
0.31	-0.08	0.94	5.49	80.96	-1.59	26.61
0.60	-0.16	1.27	-2.27	37.45	25.44	26.60
-0.01	-0.01	0.88	-2.69	-51.42	34.29	26.59
-0.75	0.20	1.05	4.57	-46.23	6.16	26.57
-0.72	0.13	0.95	-7.64	11.69	-19.36	26.60
0.07	-0.02	0.91	1.15	27.86	-35.41	26.59
0.56	-0.14	1.18	4.57	8.82	0.85	26.61
0.18	-0.09	0.93	-1.66	-38.85	28.92	26.63
-0.42	0.09	1.07	-1.29	-48.86	21.54	26.65
-0.43	0.13	1.07	-16.91	-15.29	-3.36	26.62
-0.08	-0.01	0.92	-17.40	6.74	-13.62	26.61
0.10	-0.08	1.02	-7.27	5.83	-3.49	26.64
0.00	-0.06	0.98	-6.90	-2.35	4.81	26.63
-0.10	-0.04	0.99	-6.66	0.82	13.48	26.66
-0.03	-0.05	0.98	-5.32	-0.52	3.53	26.58
-0.05	-0.06	0.98	-4.52	-3.57	2.80	26.66
-0.04	-0.05	0.99	-2.57	-0.27	1.03	26.65
-0.06	-0.02	1.05	-7.70	-7.60	-6.66	26.65
-0.03	-0.07	0.98	-9.71	1.74	-3.30	26.65
-0.05	-0.06	0.98	-2.21	-6.07	-5.32	26.65
-0.03	-0.07	0.99	7.99	20.11	0.79	26.68
-0.06	-0.07	0.98	1.46	10.96	0.36	26.64
0.06	0.01	1.13	45.77	38.85	11.41	26.66
-0.09	-0.03	0.94	-4.46	58.93	1.27	26.69
-0.06	0.06	1.14	76.41	10.41	16.78	26.67
-0.19	0.02	1.02	22.58	24.02	6.10	26.68
-0.13	0.00	0.97	6.71	-7.05	-4.46	26.68
-0.13	0.01	0.99	0.05	-5.95	-1.41	26.69
-0.14	0.02	1.00	-2.57	3.51	2.98	26.70
-0.16	0.02	0.98	-5.44	3.02	5.85	26.70
-0.16	0.00	1.00	10.12	-0.88	-0.25	26.69
-0.18	0.03	1.00	3.78	2.72	4.45	26.73
-0.11	-0.01	1.02	-0.01	-0.64	2.37	26.71
-0.16	0.03	0.99	-3.24	-1.07	4.27	26.71
-0.12	0.00	0.98	-5.13	-2.78	9.64	26.69
-0.12	-0.00	1.01	-3.24	-12.73	3.78	26.73
-0.09	-0.02	1.01	-6.05	-4.67	18.12	26.73
-0.17	0.01	0.98	-5.07	0.34	14.58	26.73
-0.09	-0.02	1.00	-5.32	3.94	16.59	26.73
-0.14	-0.01	0.99	-5.20	-4.18	5.24	26.74
-0.11	-0.02	1.00	-0.86	0.40	5.49	26.72
-0.11	-0.02	0.99	-2.75	5.71	5.18	26.71
-0.11	-0.01	0.99	-4.65	-0.03	9.94	26.74
-0.13	-0.01	0.98	-4.77	3.81	11.04	26.76
-0.12	-0.02	1.01	-8.55	6.93	12.26	26.74
-0.11	-0.04	0.99	0.97	8.58	-6.17	26.76
-0.11	-0.04	1.00	-0.37	-4.43	-12.95	26.75
-0.15	-0.02	1.02	0.79	-15.53	-5.56	26.74
-0.12	0.23	1.03	0.85	33.23	-9.16	26.77
-0.08	-0.01	1.06	-6.36	7.42	18.85	26.76
-0.10	-0.01	0.98	2.62	-15.05	19.04	26.75
-0.11	-0.01	1.01	1.21	-17.12	16.78	26.76
-0.09	0.00	1.00	4.02	-19.20	11.89	26.75
-0.06	-0.05	1.03	-26.86	-24.69	25.38	26.77
-0.01	-0.03	0.99	5.49	-73.39	0.42	26.77
0.08	-0.06	1.02	-33.15	-157.26	-55.67	26.80
0.22	-0.06	0.96	-14.47	-139.68	-37.48	26.78
0.30	-0.06	0.93	2.25	-91.03	-31.32	26.79
0.28	-0.05	0.92	23.43	110.63	38.38	26.78
0.15	-0.02	1.07	76.90	414.76	89.65	26.80
-0.33	0.04	0.98	54.86	357.76	22.82	26.77
-0.48	0.08	0.86	5.73	102.39	-2.81	26.80
-0.47	0.04	0.92	-2.82	-77.30	-32.23	26.79
-0.32	0.03	0.95	20.32	-242.95	-142.59	26.81
-0.12	0.03	0.97	15.50	-224.40	-162.24	26.83
-0.05	0.02	1.01	13.66	-41.60	-67.82	26.83
-0.08	0.02	1.01	20.32	82.79	46.81	26.81
-0.13	0.05	1.00	7.26	82.37	68.54	26.81
-0.18	0.07	1.00	-7.39	22.86	61.39	26.80
-0.17	0.06	1.00	-11.97	-13.95	56.02	26.82
-0.08	-0.05	1.02	-37.48	-32.26	-76.12	26.82
-0.20	0.03	1.00	-23.14	-0.09	-17.95	26.83
-0.14	0.04	0.98	13.11	-33.66	36.98	26.82
-0.12	0.05	0.99	18.49	-94.63	-73.86	26.85
0.06	0.02	1.04	39.79	-85.60	-81.31	26.84
0.07	0.05	0.95	14.64	-76.63	-37.97	26.84
0.13	0.09	1.00	15.50	-121.67	-39.25	26.87
0.15	0.10	1.04	-2.14	6.74	72.38	26.86
0.05	0.12	1.04	-0.25	213.71	114.25	26.86
-0.16	0.08	1.02	42.96	418.85	-110.05	26.85
-0.35	0.03	0.90	4.69	110.75	-19.78	26.87
-0.44	0.05	0.87	10.92	-24.69	-32.23	26.88
-0.30	0.07	0.99	16.29	-283.42	-46.58	26.86
-0.17	0.11	0.94	9.88	-256.13	2.19	26.88
0.12	0.11	0.98	4.63	-77.24	-12.58	26.89
-0.08	0.16	1.04	-7.21	140.59	9.70	26.88
-0.05	0.03	1.07	-11.18	432.04	-26.25	26.87
-0.40	0.04	0.84	-20.15	211.94	36.74	26.88
-0.52	0.07	0.84	-6.05	10.89	17.39	26.88
-0.45	0.02	0.91	-14.17	-91.52	16.72	26.91
-0.23	0.11	0.96	19.46	-528.59	-86.31	26.90
0.01	0.05	0.97	-4.95	-329.62	-31.50	26.89
0.19	0.17	0.95	17.02	-120.33	44.98	26.88
0.27	0.12	0.98	15.50	97.99	106.25	26.92
0.07	0.14	0.96	15.80	276.46	36.00	26.90
-0.19	0.15	0.98	24.59	371.49	-79.17	26.90
-0.30	0.05	0.88	20.07	162.08	-76.48	26.90
-0.39	0.04	0.90	9.94	33.23	-32.48	26.91
-0.36	0.08	0.94	-27.78	-251.92	59.93	26.89
-0.07	0.19	1.01	25.57	-543.24	-47.74	26.91
0.17	0.12	1.02	6.34	-120.33	-8.86	26.92
0.25	0.12	1.00	2.62	16.51	32.83	26.93
0.11	0.13	1.03	6.34	243.68	115.59	26.90
-0.10	0.16	0.97	26.18	370.33	42.53	26.91
-0.31	0.09	0.92	29.41	204.62	-95.41	26.90
-0.44	0.08	0.90	16.65	65.83	-43.22	26.91
-0.53	0.11	0.86	-7.15	84.81	14.34	26.92
-0.46	0.09	0.86	-38.58	-117.71	73.72	26.94
-0.28	0.11	0.92	-42.85	-370.88	82.45	26.93
-0.09	0.16	1.05	-31.20	-274.63	41.98	26.95
0.11	0.08	0.99	-8.13	-79.44	28.62	26.94
0.19	0.06	0.93	-5.50	-72.48	22.33	26.94
0.23	0.05	0.97	4.63	2.04	17.27	26.94
0.08	0.11	1.00	37.10	249.05	31.85	26.95
-0.24	0.21	1.01	70.85	456.27	-52.56	26.93
-0.31	0.03	0.88	37.41	188.69	-41.63	26.96
-0.54	0.12	0.85	-0.31	44.59	1.88	26.97
-0.54	0.10	0.86	-29.61	19.68	52.61	26.95
-0.51	0.13	0.92	-40.23	-190.46	31.85	26.98
-0.14	0.18	0.95	-33.27	-595.37	-89.12	26.97
0.10	0.09	0.98	5.42	-68.08	-22.77	26.97
0.24	0.08	1.01	-0.74	-102.26	-22.04	26.98
0.24	0.09	0.94	0.72	-7.60	26.48	26.98
0.16	0.13	0.98	12.32	199.68	44.55	26.98
-0.12	0.19	1.04	34.97	420.87	-68.31	26.98
-0.21	0.01	0.92	11.71	217.25	-59.15	26.98
-0.44	0.10	0.90	-7.82	37.08	11.83	26.96
-0.36	0.06	0.95	-21.92	-117.77	25.38	26.98
-0.19	0.17	1.00	3.41	-473.48	-1.78	27.01
0.04	0.09	0.92	-4.71	-204.07	-27.35	26.96
0.27	0.11	0.99	0.30	-98.97	-11.91	27.01
0.27	0.09	0.97	2.56	19.26	28.13	27.00
0.13	0.12	0.98	13.30	215.06	64.87	26.99
-0.13	0.19	0.98	35.70	461.76	-5.20	26.99
-0.25	0.02	0.85	24.77	224.03	-86.13	27.02
-0.51	0.10	0.87	-4.46	66.80	14.52	27.02
-0.54	0.11	0.83	-28.88	-0.21	51.20	27.01
-0.42	0.07	0.95	-23.26	-206.51	3.84	27.01
-0.05	0.18	1.00	-8.49	-655.55	-57.81	27.04
0.13	0.11	0.97	3.29	-135.04	-44.75	27.03
0.31	0.11	0.96	2.07	-13.58	-11.24	27.03
0.19	0.12	0.98	3.29	177.64	76.41	27.02
-0.06	0.23	1.08	17.33	401.76	97.04	27.03
-0.25	0.09	0.94	42.96	311.98	-69.89	27.05
-0.39	0.07	0.91	7.26	132.48	-22.77	27.06
-0.51	0.11	0.88	-0.19	17.79	-0.86	27.05
-0.50	0.10	0.86	-21.37	-58.01	26.12	27.06
-0.32	0.12	1.02	-27.29	-450.65	-12.58	27.08
0.02	0.12	0.96	-1.23	-425.51	-43.10	27.05
0.28	0.10	0.95	0.97	-100.62	-8.19	27.08
0.21	0.08	0.91	4.51	7.78	21.17	27.10
0.12	0.18	1.03	19.10	303.92	85.50	27.07
-0.17	0.19	0.97	48.64	415.62	-45.60	27.10
-0.24	0.06	0.94	21.05	163.06	-48.84	27.10
-0.45	0.14	0.88	5.49	49.65	-0.92	27.09
-0.42	0.06	0.94	-4.40	3.75	-3.36	27.10
-0.28	0.13	0.99	-13.62	-399.87	-35.77	27.10
-0.06	0.17	0.96	-8.37	-400.67	-2.39	27.10
0.26	0.11	0.93	-2.39	-100.25	1.88	27.11
0.17	0.11	0.94	9.88	83.53	29.35	27.11
-0.01	0.21	1.08	23.55	343.90	50.90	27.10
-0.23	0.13	0.97	42.05	363.56	-54.82	27.15
-0.33	0.07	0.89	10.61	127.59	-15.02	27.13
-0.44	0.10	0.95	-6.90	-5.52	0.11	27.10
-0.31	0.11	0.96	-20.88	-296.17	0.48	27.13
-0.06	0.18	0.99	-22.90	-523.10	2.50	27.15
0.23	0.12	0.96	-10.26	-143.77	14.52	27.13
0.24	0.10	0.91	5.67	28.66	12.32	27.14
0.14	0.16	1.00	21.17	229.64	31.12	27.14
-0.01	0.16	0.99	33.13	363.74	-20.82	27.13
-0.15	0.06	0.96	10.61	119.42	-14.29	27.14
-0.26	0.13	0.98	-6.60	-34.88	8.17	27.11
-0.27	0.15	0.92	-9.77	-45.56	24.65	27.12
-0.24	0.15	0.98	-4.16	-11.38	17.94	27.14
-0.22	0.14	0.97	-0.74	-24.99	-5.62	27.13
-0.21	0.14	0.95	-1.23	-27.01	-4.10	27.12
-0.16	0.14	1.01	-1.90	-56.79	-9.83	27.14
-0.15	0.14	0.94	-1.11	-33.91	-4.83	27.14
-0.12	0.14	0.98	-0.98	-11.87	2.68	27.15
-0.09	0.13	0.98	-1.84	-33.91	-2.63	27.16
-0.09	0.13	0.99	0.91	2.53	0.85	27.17
-0.08	0.13	0.99	0.42	-0.15	-4.52	27.16
-0.09	0.13	0.96	-0.44	1.25	0.85	27.16
-0.08	0.14	1.00	-0.50	2.35	1.95	27.16
-0.09	0.14	0.97	-0.13	-8.03	-3.00	27.14
-0.07	0.13	0.99	-0.25	-2.17	1.15	27.17
-0.07	0.13	0.99	14.09	5.04	0.42	27.15
-0.08	0.16	0.99	22.94	4.36	1.15	27.14
-0.09	0.17	1.00	43.69	17.18	-6.97	27.16
-0.14	0.23	0.95	89.04	52.83	0.30	27.18
-0.14	0.32	0.91	55.78	7.90	-14.53	27.20
-0.14	0.32	0.89	-33.33	-4.30	11.77	27.18
-0.14	0.29	0.97	-115.18	-62.04	23.06	27.16
-0.07	0.11	0.99	-167.55	-59.66	46.75	27.17
-0.01	-0.05	1.02	-114.69	-40.68	40.40	27.16
-0.02	-0.07	1.00	-49.93	-19.01	7.50	27.17
0.03	-0.10	0.98	-44.44	-17.36	17.63	27.20
0.03	-0.13	1.00	-25.52	-4.91	-4.22	27.19
0.02	-0.12	1.02	44.30	55.27	-7.94	27.19
-0.05	-0.06	0.95	131.16	66.25	0.73	27.18
-0.09	0.14	1.01	210.75	61.19	3.96	27.20
-0.13	0.26	0.97	161.67	54.29	-2.45	27.22
-0.14	0.36	0.88	112.85	43.98	-10.81	27.20
-0.17	0.42	0.84	20.44	-12.48	-18.01	27.23
-0.13	0.39	0.84	-67.33	-52.95	-7.39	27.22
-0.11	0.30	0.89	-172.49	-74.25	1.88	27.21
0.00	0.07	1.04	-266.37	-101.96	4.63	27.23
0.03	-0.10	1.07	-101.94	-27.80	7.07	27.19
0.02	-0.12	1.00	-29.43	-6.38	8.42	27.21
0.05	-0.14	0.96	-38.64	-5.52	19.34	27.20
0.06	-0.18	1.04	3.35	-8.09	-2.39	27.22
0.02	-0.13	1.06	100.27	71.01	-1.66	27.22
-0.02	0.02	0.98	286.43	120.57	28.62	27.21
-0.17	0.33	0.92	285.88	84.81	12.87	27.24
-0.22	0.46	0.82	108.39	73.58	-4.10	27.28
-0.22	0.48	0.78	-29.73	-10.28	-8.74	27.24
-0.20	0.41	0.82	-147.47	-68.27	-15.02	27.25
-0.15	0.23	0.91	-312.14	-139.13	-34.92	27.24
-0.02	-0.08	1.03	-269.42	-109.41	14.95	27.25
0.02	-0.20	1.07	-49.63	-15.41	10.80	27.24
0.01	-0.19	1.05	62.06	42.14	5.24	27.24
-0.01	-0.05	0.97	222.89	80.90	9.33	27.28
-0.12	0.26	0.99	320.61	121.73	4.69	27.28
-0.25	0.42	0.85	154.53	65.03	-9.53	27.28
-0.21	0.44	0.77	-26.01	-8.45	-10.44	27.27
-0.21	0.38	0.82	-181.28	-93.66	-12.76	27.27
-0.04	0.15	0.95	-351.02	-178.44	-19.17	27.25
0.04	-0.19	1.12	-171.70	-145.36	17.63	27.27
0.06	-0.21	1.09	45.04	37.51	-2.27	27.30
0.04	-0.15	1.05	149.53	97.26	2.13	27.30
-0.05	0.14	0.92	333.98	114.23	9.27	27.31
-0.20	0.38	0.89	195.43	124.05	-10.63	27.30
-0.27	0.45	0.78	3.04	17.18	-9.35	27.30
-0.23	0.40	0.81	-120.92	-75.35	-5.74	27.32
-0.12	0.19	0.91	-293.71	-142.43	-2.14	27.29
0.02	-0.07	1.00	-271.43	-161.47	11.16	27.29
0.05	-0.20	1.07	-34.00	-25.79	0.24	27.27
0.05	-0.17	1.03	92.22	61.37	4.39	27.31
0.01	0.00	0.94	272.27	101.17	9.70	27.33
-0.11	0.30	0.99	276.24	131.26	-10.75	27.31
-0.23	0.41	0.83	36.37	30.30	-11.91	27.33
-0.19	0.38	0.86	-98.64	-59.97	2.92	27.31
-0.11	0.18	0.90	-296.64	-135.16	-1.41	27.33
0.02	-0.07	1.00	-276.92	-137.30	21.84	27.33
0.05	-0.20	1.05	-3.30	-0.95	-0.56	27.33
0.07	-0.16	1.00	139.27	69.92	-1.47	27.37
0.03	0.08	0.98	367.73	80.90	-4.89	27.33
-0.18	0.41	0.95	196.53	119.29	-19.11	27.35
-0.19	0.47	0.85	-19.23	9.19	-4.89	27.37
-0.15	0.37	0.88	-171.39	-89.94	11.04	27.35
-0.03	0.14	0.97	-279.55	-99.95	15.13	27.35
0.03	-0.08	1.00	-167.79	-97.02	11.89	27.34
0.04	-0.13	1.04	39.36	24.08	-10.26	27.34
0.05	-0.08	1.01	90.45	56.12	-11.12	27.35
-0.01	0.01	0.98	41.19	8.03	-31.14	27.36
-0.02	0.04	0.99	-1.29	-7.60	-34.68	27.35
-0.03	0.03	1.00	10.06	7.42	-22.77	27.36
-0.07	0.03	1.01	5.67	19.32	30.02	27.39
-0.12	-0.02	1.01	-16.79	39.70	148.43	27.37
-0.07	0.01	1.01	-53.29	45.26	235.83	27.39
-0.01	0.00	0.99	-34.68	24.08	111.44	27.41
-0.02	-0.05	0.95	1.64	9.61	-70.20	27.39
-0.06	-0.02	0.95	48.94	3.51	-329.90	27.40
0.01	0.04	0.98	94.23	-33.42	-443.43	27.39
-0.22	-0.02	1.02	74.88	-17.49	-253.67	27.40
-0.19	0.00	1.00	-20.09	21.39	-13.56	27.41
-0.23	-0.05	0.99	-80.27	22.92	213.86	27.39
-0.06	0.03	1.05	-103.65	-29.82	453.85	27.40
-0.04	-0.04	1.01	-17.59	-31.95	228.02	27.39
-0.05	-0.03	1.00	-7.82	-33.11	-5.44	27.39
0.05	-0.01	1.00	45.89	-39.70	-308.97	27.39
-0.06	0.05	0.97	96.37	8.15	-288.76	27.40
-0.16	0.05	0.99	62.55	42.45	-70.26	27.42
-0.15	0.07	0.99	11.71	29.27	130.00	27.42
-0.08	0.12	0.99	-30.46	22.80	300.59	27.41
-0.01	0.11	1.01	-20.45	20.11	202.93	27.40
-0.02	0.10	0.97	-7.64	-23.71	-32.78	27.42
0.06	0.12	0.95	2.98	-72.66	-304.76	27.43
-0.06	0.11	0.98	16.96	-32.81	-213.75	27.42
-0.07	0.12	1.00	15.86	18.40	-48.47	27.42
-0.04	0.12	1.03	-3.55	24.44	18.61	27.42
-0.03	-0.07	1.21	42.41	31.95	42.60	27.44
-0.01	0.15	0.97	3.65	3.45	14.34	27.44
-0.10	0.15	0.95	6.34	-11.93	10.37	27.45
-0.09	0.16	0.97	-1.05	-7.72	28.37	27.44
-0.09	0.16	0.96	1.03	-9.37	6.16	27.46
-0.04	0.17	0.98	-2.33	-7.72	15.98	27.46
0.01	0.16	0.99	0.79	-18.89	2.98	27.45
0.01	0.16	1.00	-11.54	-14.80	14.46	27.44
0.01	0.15	0.99	5.97	-21.45	19.52	27.45
-0.02	0.15	0.98	-7.76	14.56	67.74	27.44
0.07	0.12	0.99	-32.60	-33.78	92.77	27.44
0.09	0.13	1.00	5.73	-26.76	105.22	27.47
0.16	0.11	0.95	7.26	0.03	-59.94	27.47
0.13	0.12	0.94	-35.77	37.87	-252.75	27.47
-0.09	0.09	0.98	-35.96	44.77	-300.42	27.49
-0.18	0.01	1.05	-29.00	17.91	-107.12	27.46
-0.13	0.01	1.01	9.45	-5.52	173.03	27.46
-0.03	0.10	0.96	5.12	-50.69	395.01	27.47
0.13	0.01	0.96	-40.66	-59.72	316.64	27.46
0.16	-0.06	1.01	-21.00	12.12	15.68	27.47
0.15	-0.00	0.98	-7.09	72.24	-319.28	27.50
-0.08	0.05	0.96	7.80	64.00	-426.83	27.47
-0.19	-0.05	1.03	-8.55	19.62	-220.95	27.49
-0.15	-0.08	0.98	-4.28	-0.40	139.09	27.48
-0.08	0.04	0.96	4.69	-45.99	454.46	27.49
0.15	-0.01	0.95	-20.70	-115.45	452.08	27.49
0.18	-0.17	0.99	-3.12	-8.27	13.73	27.51
0.22	-0.02	1.01	-16.12	84.56	-443.67	27.49
-0.12	0.00	0.98	0.97	80.23	-474.80	27.51
-0.15	-0.07	1.07	-29.37	23.16	-265.45	27.51
-0.13	-0.14	1.03	-11.12	-0.15	96.79	27.52
-0.09	-0.08	0.93	-6.42	-25.36	364.49	27.50
0.04	0.01	0.97	-3.43	-99.76	427.67	27.50
0.16	-0.10	1.00	10.98	-64.97	111.32	27.54
0.12	-0.04	1.03	-3.85	56.24	-275.95	27.54
-0.03	0.01	0.98	-14.47	81.15	-422.07	27.53
-0.16	-0.12	1.02	-39.62	26.70	-261.12	27.54
-0.13	-0.16	1.01	2.74	-1.74	88.01	27.53
-0.09	-0.10	0.97	-8.67	-25.60	347.47	27.54
0.04	-0.04	0.96	5.24	-80.66	387.93	27.54
0.16	-0.12	0.99	15.37	-73.46	99.30	27.53
0.13	-0.04	1.00	38.69	25.60	-259.77	27.54
0.00	0.06	0.97	8.48	53.07	-457.53	27.53
-0.13	-0.07	1.05	-25.95	8.82	-275.46	27.54
-0.14	-0.11	1.00	17.94	4.18	59.75	27.54
-0.06	-0.01	0.96	37.35	-1.56	334.83	27.56
0.04	0.07	0.95	-8.61	-66.01	455.13	27.54
0.19	-0.03	1.00	15.01	-83.40	288.81	27.57
0.19	-0.06	0.99	16.65	-0.88	-47.31	27.55
0.22	0.04	0.97	6.34	28.66	-318.31	27.58
0.03	0.08	0.98	-14.60	33.23	-368.17	27.53
-0.07	0.03	1.01	-29.73	5.71	-236.40	27.58
-0.10	-0.06	1.02	-16.85	1.37	34.90	27.59
-0.06	0.00	1.00	0.42	-1.62	270.81	27.57
0.06	0.07	1.01	7.44	-54.60	416.68	27.57
0.26	-0.07	0.97	24.53	-58.75	231.38	27.59
0.17	-0.03	0.98	3.35	24.51	-168.22	27.58
0.17	0.11	0.93	12.38	41.23	-457.65	27.59
-0.07	0.03	1.01	-33.39	4.36	-386.97	27.59
-0.12	-0.05	1.06	-6.90	1.25	-103.03	27.59
-0.05	-0.00	1.01	34.42	10.10	240.04	27.59
0.02	0.12	0.96	-5.38	-32.56	429.13	27.58
0.22	0.04	0.95	18.49	-45.20	337.64	27.60
0.26	-0.02	0.97	10.43	2.11	-82.16	27.62
0.20	0.14	0.93	-8.19	33.91	-437.39	27.59
-0.06	0.06	1.01	-59.94	-0.64	-415.29	27.61
-0.12	-0.05	1.08	9.33	1.43	-80.57	27.61
-0.06	0.01	0.99	49.67	18.95	287.35	27.63
0.06	0.16	0.96	-5.20	-33.66	479.12	27.62
0.32	0.02	0.94	21.11	-45.26	348.87	27.60
0.27	-0.03	0.95	-0.13	10.89	-120.80	27.61
0.22	0.12	0.96	-17.10	41.90	-410.53	27.62
-0.05	0.06	1.00	-41.21	5.65	-381.84	27.64
-0.10	-0.01	1.03	1.88	-0.40	-105.60	27.62
-0.08	0.01	1.00	12.87	17.18	241.20	27.63
0.05	0.16	0.97	-3.36	-29.69	467.34	27.64
0.31	0.02	0.95	28.43	-51.48	368.83	27.64
0.28	-0.06	0.97	16.23	-14.25	-37.67	27.63
0.33	0.08	0.94	-6.17	22.92	-391.12	27.64
0.02	0.14	0.97	-64.83	18.52	-450.69	27.63
-0.11	-0.06	1.03	-76.97	3.27	-201.18	27.63
-0.09	-0.10	1.02	-8.25	2.23	152.95	27.65
0.02	0.06	0.97	31.30	-6.13	385.98	27.64
0.24	0.02	0.97	30.14	-43.79	302.91	27.66
0.27	-0.05	0.96	7.44	3.02	-89.12	27.66
0.12	0.09	0.96	-22.53	46.97	-405.10	27.66
-0.06	-0.03	1.03	-50.79	4.49	-336.49	27.66
-0.08	-0.08	1.03	28.25	5.34	-67.08	27.66
0.02	0.02	0.96	17.14	10.77	135.43	27.70
0.06	0.07	0.99	-21.68	-0.64	100.88	27.65
0.02	0.04	1.03	-34.68	-3.08	69.02	27.67
0.00	0.01	1.03	5.06	-3.39	77.08	27.66
0.02	0.02	0.96	19.46	-7.60	101.43	27.68
0.23	0.07	1.00	3.04	-6.99	94.96	27.69
0.05	0.00	1.00	-14.35	5.58	56.15	27.68
0.05	-0.04	1.02	-5.07	12.91	34.54	27.67
0.02	-0.02	1.02	10.43	18.52	26.85	27.69
0.01	0.01	0.96	-0.74	5.77	11.83	27.69
0.03	0.04	0.98	1.40	13.76	3.53	27.71
-0.02	0.02	0.99	2.43	-7.29	-15.20	27.67
0.03	0.00	1.03	0.91	3.08	-1.72	27.70
0.02	-0.01	1.01	0.36	5.22	2.25	27.72
0.00	0.00	0.99	-0.01	10.04	-0.92	27.71
-0.02	0.02	1.00	-1.29	1.07	-4.04	27.71
-0.01	0.02	1.01	-0.80	6.68	-3.97	27.70
-0.02	0.00	0.99	-0.01	-2.90	-4.89	27.72
-0.01	0.00	1.01	-0.56	5.22	-1.47	27.72
-0.03	0.02	0.99	-0.31	3.08	-3.49	27.73
-0.02	0.01	1.00	-0.50	4.00	0.48	27.74
-0.04	0.00	0.97	-0.50	3.27	-0.31	27.71
-0.02	0.00	0.97	-2.75	8.15	8.48	27.71
-0.01	0.01	1.03	-3.49	0.21	1.76	27.75
-0.04	0.00	1.01	-2.69	8.33	1.82	27.73
-0.03	-0.00	1.03	-2.02	0.89	-1.17	27.73
-0.06	0.01	0.97	-0.86	6.87	-0.31	27.75
-0.05	0.01	1.01	0.30	4.00	-0.13	27.74
-0.06	0.01	0.99	2.74	4.73	-0.62	27.75
-0.06	-0.01	0.98	4.08	2.84	-2.45	27.74
-0.07	-0.01	0.99	4.33	5.34	-0.01	27.72
-0.06	0.00	0.96	3.90	-2.59	-0.68	27.74
-0.07	0.00	0.98	-4.89	-0.76	6.89	27.76
-0.06	-0.00	0.99	-20.39	7.66	14.82	27.73
-0.05	-0.03	1.03	-21.31	7.84	17.14	27.75
-0.06	-0.04	0.99	-11.06	-2.41	9.33	27.76
-0.08	-0.05	0.98	-22.71	5.40	11.59	27.74
-0.07	-0.05	1.02	-6.84	3.14	14.76	27.78
-0.05	-0.07	1.03	-10.26	-13.82	-2.33	27.77
-0.08	-0.04	1.02	-1.47	1.92	-0.98	27.76
-0.02	0.00	0.99	-1.66	5.28	26.30	27.79
-0.21	-0.16	1.01	2.37	-2.72	25.63	27.77
-0.05	-0.04	1.01	1.88	-7.78	15.92	27.76
-0.07	-0.06	1.00	2.86	-7.60	32.46	27.78
-0.06	-0.03	0.99	4.87	-0.27	16.59	27.77
-0.02	0.14	0.87	24.77	-12.85	28.74	27.77
-0.06	-0.26	1.22	21.72	-12.60	30.02	27.79
-0.05	-0.05	0.96	-7.33	6.56	-7.51	27.78
-0.04	0.06	0.86	-6.54	3.33	6.34	27.78
-0.04	-0.11	1.09	-6.78	-3.02	9.82	27.77
-0.04	-0.04	1.03	-9.65	0.34	-2.08	27.80
-0.04	0.03	0.95	5.06	-1.80	2.37	27.78
-0.05	-0.07	1.03	12.08	-2.96	6.71	27.80
-0.05	-0.07	1.00	1.64	1.56	1.70	27.79
-0.04	-0.02	0.96	-4.40	2.35	2.31	27.79
-0.03	-0.05	1.01	-5.32	0.46	3.78	27.79
-0.04	-0.04	1.02	-5.20	-0.46	1.46	27.80
-0.04	-0.02	0.99	0.91	-1.01	1.15	27.78
-0.04	-0.04	1.00	6.16	-1.25	3.04	27.79
-0.04	-0.05	1.00	3.10	-0.09	2.50	27.81
-0.04	-0.04	0.99	-1.59	1.56	1.64	27.81
-0.04	-0.04	1.00	-3.73	0.89	2.19	27.80
-0.04	-0.04	1.01	-3.61	-0.34	1.46	27.84
-0.04	-0.04	1.00	-0.25	-0.27	0.85	27.82
-0.04	-0.04	1.00	2.98	-0.95	1.76	27.82
-0.04	-0.05	1.00	2.37	-0.27	1.82	27.82
-0.04	-0.05	0.99	-0.31	0.95	1.46	27.80
-0.04	-0.05	0.99	-2.39	0.52	1.64	27.84
-0.04	-0.04	1.00	-2.45	0.21	1.15	27.83
-0.04	-0.04	1.00	-0.50	0.09	1.15	27.81
-0.04	-0.04	1.00	1.46	-0.88	1.46	27.83
-0.04	-0.05	1.00	1.64	0.09	1.21	27.83
-0.04	-0.05	1.00	0.18	0.46	1.34	27.82
-0.04	-0.04	1.00	-1.17	0.46	1.21	27.83
-0.04	-0.04	1.00	-1.53	0.52	0.97	27.84
-0.04	-0.04	1.00	-0.80	-0.15	0.97	27.82
-0.04	-0.04	1.00	0.54	-0.27	1.03	27.83
-0.04	-0.04	1.00	0.85	-0.09	1.09	27.84
-0.04	-0.05	1.00	0.36	0.09	1.15	27.85
-0.04	-0.05	1.00	-0.56	0.46	1.09	27.84
-0.04	-0.05	1.00	-1.05	0.27	1.03	27.84
-0.04	-0.04	1.00	-0.74	0.03	0.91	27.84
-0.04	-0.04	1.00	0.05	-0.09	0.73	27.86
-0.04	-0.04	1.00	0.60	-0.09	0.97	27.85
-0.04	-0.05	1.00	0.36	0.15	0.85	27.86
-0.04	-0.05	1.02	0.36	0.21	0.48	27.85
-0.04	-0.04	1.00	0.30	-0.21	1.03	27.85
-0.04	-0.04	1.00	0.42	-0.21	0.73	27.85
-0.04	-0.04	1.00	0.66	-0.09	0.66	27.87
-0.04	-0.04	1.00	0.30	-0.15	0.60	27.88
-0.04	-0.04	1.00	0.30	-0.03	0.60	27.86
-0.04	-0.04	1.00	0.48	-0.15	0.60	27.89
-0.04	-0.04	1.00	0.42	-0.09	0.42	27.89
-0.04	-0.04	1.00	0.18	-0.03	0.60	27.87
-0.04	-0.04	1.00	0.30	-0.09	0.60	27.85
-0.04	-0.04	1.00	0.18	0.03	0.42	27.85
-0.04	-0.04	1.00	0.24	-0.03	0.42	27.88
-0.04	-0.04	1.00	0.54	-0.15	0.73	27.87
-0.04	-0.04	1.00	0.54	0.03	0.60	27.86
-0.04	-0.04	1.00	0.18	-0.21	0.66	27.86
-0.04	-0.04	1.00	0.11	-0.09	0.24	27.87
-0.04	-0.04	1.00	0.24	0.03	0.42	27.90
-0.04	-0.04	1.00	0.54	-0.21	0.42	27.86
-0.04	-0.04	1.00	0.48	0.09	0.48	27.89
-0.04	-0.04	1.00	1.03	0.27	0.91	27.89
-0.04	-0.04	1.00	0.72	0.34	1.27	27.89
-0.04	-0.04	1.00	-0.13	0.09	0.36	27.89
-0.04	-0.04	1.00	-0.01	-0.27	0.73	27.90
-0.04	-0.04	1.00	-0.07	-0.21	0.42	27.89
-0.04	-0.04	1.00	0.05	-0.03	0.18	27.88
-0.04	-0.04	1.00	0.05	-0.27	0.48	27.87
-0.04	-0.04	1.00	0.05	-0.03	0.30	27.88
-0.04	-0.03	1.00	0.54	0.15	0.48	27.91
-0.04	-0.04	1.00	-0.01	-0.09	0.18	27.90
-0.04	-0.04	1.00	0.30	-0.09	0.42	27.87
-0.04	-0.04	1.00	-0.07	0.03	0.36	27.90
-0.04	-0.04	1.00	-0.01	-0.15	0.54	27.87
-0.04	-0.03	1.00	-0.07	-0.09	0.30	27.91
-0.04	-0.04	1.00	0.05	0.03	0.54	27.89
-0.04	-0.04	1.00	-0.13	-0.21	0.48	27.89
-0.04	-0.04	1.00	-0.07	0.03	0.24	27.89
-0.04	-0.04	1.00	-0.13	0.09	0.36	27.90
-0.04	-0.04	1.00	-0.07	-0.15	0.66	27.89
-0.04	-0.03	1.00	0.05	0.03	0.54	27.88
-0.04	-0.04	1.00	-0.07	0.03	0.60	27.89
-0.04	-0.03	1.00	0.11	0.15	0.30	27.91
-0.04	-0.04	1.00	-0.01	0.03	0.30	27.90
-0.04	-0.04	1.00	-0.07	-0.03	0.48	27.91
-0.04	-0.03	1.00	0.05	0.21	0.11	27.91
-0.04	-0.04	1.00	-0.01	-0.03	0.36	27.90
-0.04	-0.03	1.00	0.05	-0.09	0.48	27.92
-0.04	-0.03	1.00	0.11	0.15	0.18	27.91
-0.04	-0.03	1.00	0.30	-0.09	0.60	27.93
-0.04	-0.04	1.00	0.24	-0.03	1.09	27.94
-0.04	-0.03	1.00	-0.07	0.34	-0.01	27.92
-0.04	-0.03	1.00	-0.13	-0.15	0.48	27.92
-0.04	-0.03	1.00	0.18	0.15	0.11	27.92
-0.04	-0.03	1.00	-0.07	-0.03	0.30	27.90
-0.03	-0.03	1.00	-0.01	-0.15	0.30	27.95
-0.04	-0.03	1.00	0.18	0.15	-0.01	27.93
-0.04	-0.03	1.00	0.18	-0.27	0.36	27.92
-0.04	-0.03	1.00	-0.13	0.03	-0.01	27.95
-0.04	-0.03	1.00	0.05	-0.03	0.18	27.92
-0.04	-0.03	1.00	-0.13	-0.15	0.42	27.92
-0.04	-0.03	1.00	-0.01	0.03	0.11	27.93
-0.04	-0.03	1.00	0.11	-0.03	0.36	27.94
-0.04	-0.03	1.00	0.30	0.09	0.42	27.94
-0.03	-0.03	1.00	0.11	0.15	0.11	27.93
-0.04	-0.03	1.00	0.05	-0.21	0.48	27.92
-0.04	-0.03	1.00	0.11	0.09	0.18	27.94
-0.04	-0.03	1.00	-0.01	0.03	0.24	27.92
-0.04	-0.03	1.00	-0.01	-0.09	0.24	27.94
-0.04	-0.03	1.00	-0.07	0.03	0.24	27.93
-0.04	-0.03	1.00	0.18	0.15	0.18	27.93
-0.03	-0.03	1.00	0.48	0.15	0.24	27.93
-0.04	-0.03	1.00	0.54	0.27	0.05	27.94
-0.03	-0.03	1.00	0.05	-0.09	0.18	27.95
-0.04	-0.03	1.00	-0.13	-0.03	0.36	27.95
-0.04	-0.03	1.00	-0.07	0.03	-0.01	27.95
-0.04	-0.03	1.00	-0.01	0.03	0.30	27.92
-0.04	-0.03	1.00	-0.07	-0.15	0.18	27.94
-0.04	-0.03	1.00	-0.01	0.03	0.18	27.93
-0.03	-0.03	1.00	-0.07	-0.09	0.24	27.93
-0.04	-0.03	1.00	-0.07	0.03	0.05	27.94
-0.04	-0.03	1.00	-0.07	-0.09	0.18	27.93
-0.03	-0.03	1.00	-0.07	-0.09	0.18	27.95
-0.03	-0.03	1.00	-0.07	0.09	0.18	27.94
-0.04	-0.03	1.00	-0.07	-0.03	0.24	27.93
-0.03	-0.03	1.00	-0.13	-0.03	0.24	27.93
-0.03	-0.03	1.00	-0.01	-0.03	0.24	27.95
-0.03	-0.03	1.00	-0.01	-0.15	0.11	27.92
-0.03	-0.03	1.00	-0.07	-0.09	0.24	27.94
-0.04	-0.03	1.00	0.05	0.15	-0.07	27.95
-0.04	-0.03	1.00	-0.07	-0.03	0.24	27.95
-0.04	-0.03	1.00	0.05	0.09	-0.01	27.94
-0.03	-0.03	1.00	0.60	0.27	0.60	27.96
-0.04	-0.03	1.00	0.11	0.15	-0.07	27.94
-0.03	-0.03	1.00	-0.01	-0.03	0.30	27.95
-0.03	-0.03	1.00	-0.07	0.09	0.30	27.93
-0.03	-0.03	1.00	-0.01	0.09	-0.01	27.96
-0.04	-0.03	1.00	-0.01	-0.09	0.11	27.96
-0.03	-0.03	1.00	-0.07	-0.15	0.18	27.95
-0.04	-0.03	1.00	0.11	0.03	-0.07	27.94
-0.04	-0.03	1.00	-0.07	-0.21	0.30	27.95
-0.04	-0.03	1.00	-0.07	0.03	0.11	27.93
-0.04	-0.03	1.00	-0.13	0.21	0.18	27.97
-0.03	-0.03	1.00	-0.01	0.09	0.18	27.96
-0.03	-0.03	1.00	-0.01	-0.09	0.42	27.94
-0.03	-0.03	1.00	-0.07	0.21	0.05	27.94
-0.03	-0.03	1.00	-0.01	0.09	0.30	27.94
-0.04	-0.03	1.00	-0.01	-0.03	0.18	27.95
-0.04	-0.03	1.00	-0.07	-0.09	0.30	27.94
-0.03	-0.03	1.00	-0.07	0.15	0.11	27.96
-0.03	-0.03	1.00	-0.07	0.15	0.18	27.96
-0.03	-0.03	1.00	-0.01	0.03	0.11	27.95
-0.03	-0.03	1.00	-0.07	-0.03	0.18	27.95
-0.03	-0.03	1.00	-0.07	0.15	0.05	27.94
-0.03	-0.03	1.00	-0.07	-0.03	0.05	27.92
-0.03	-0.03	1.00	-0.01	0.09	0.24	27.94
-0.03	-0.03	1.00	-0.13	-0.21	0.42	27.94
-0.03	-0.03	1.00	0.05	0.15	0.79	27.96
-0.04	-0.03	1.00	0.05	0.64	1.46	27.94
-0.03	-0.03	1.01	1.70	0.34	2.80	27.93
-0.03	-0.03	1.00	1.40	1.37	0.11	27.95
-0.03	-0.03	1.00	-0.19	-0.03	-0.25	27.95
-0.04	-0.03	1.00	-0.25	-0.15	0.18	27.93
-0.03	-0.03	1.00	-0.13	0.09	0.24	27.96
-0.04	-0.03	1.00	-0.19	0.03	0.36	27.97
-0.03	-0.03	1.00	-0.13	0.03	0.30	27.95
-0.04	-0.03	1.00	-0.13	0.03	0.11	27.94
-0.03	-0.03	1.00	-0.07	0.03	0.42	27.95
-0.04	-0.03	1.00	-0.13	-0.03	0.18	27.95
-0.04	-0.03	1.00	-0.01	-0.03	0.42	27.94
-0.04	-0.03	1.00	-0.07	0.09	-0.31	27.94
-0.04	-0.03	1.00	-0.13	-0.21	0.85	27.96
-0.03	-0.03	1.00	-0.13	0.21	-0.19	27.93
-0.03	-0.03	1.00	0.05	-0.09	0.30	27.95
-0.04	-0.03	1.00	-0.19	0.09	0.42	27.95
-0.04	-0.03	1.00	-0.31	0.46	-0.50	27.95
-0.04	-0.03	1.00	-0.13	-0.21	0.91	27.94
-0.03	-0.03	1.00	-0.13	0.34	-0.43	27.92
-0.04	-0.03	1.00	-0.25	-0.09	0.36	27.93
-0.03	-0.03	1.00	-0.07	0.03	0.42	27.95
-0.04	-0.02	1.00	-0.13	0.27	-0.01	27.93
-0.03	-0.03	1.00	-0.13	-0.09	0.24	27.96
-0.04	-0.03	1.00	-0.01	-0.03	0.24	27.93
-0.03	-0.03	1.00	-0.01	0.21	-0.19	27.95
-0.04	-0.03	1.00	-0.07	-0.09	0.36	27.95
-0.04	-0.03	1.00	-0.13	0.03	0.24	27.93
-0.03	-0.03	1.00	-0.13	0.15	0.24	27.94
-0.03	-0.03	1.00	-0.07	0.21	0.11	27.92
-0.03	-0.03	1.00	-0.13	0.15	0.18	27.94
-0.04	-0.03	1.00	-0.01	0.09	0.18	27.93
-0.04	-0.03	1.00	-0.07	-0.03	0.36	27.93
-0.04	-0.03	1.00	-0.07	0.03	-0.01	27.95
-0.04	-0.03	1.00	-0.13	-0.09	0.30	27.96
-0.04	-0.03	1.00	-0.25	0.15	0.18	27.93
